"","subject","age.x","sex.x","Antisocial_Asses1","Antisocial_Asses2","Antisocial_Asses3","Antisocial_Asses4","Antisocial_Asses5","Antisocial_HowMany1","Antisocial_HowMany2","Antisocial_HowMany3","Antisocial_HowMany4","Antisocial_HowMany5","Antisocial_HowOften1","Antisocial_HowOften2","Antisocial_HowOften3","Antisocial_HowOften4","Antisocial_HowOften5","Antisocial_Recom1","Antisocial_Recom2","Antisocial_Recom3","Antisocial_Recom4","Antisocial_Recom5","IU1","IU10","IU11","IU12","IU2","IU3","IU4","IU5","IU6","IU7","IU8","IU9","PDS1","PDS2","PDS3","Pref1","Pref10","Pref11","Pref2","Pref3","Pref4","Pref5","Pref6","Pref7","Pref8","Pref9","Rebel_Asses1","Rebel_Asses2","Rebel_Asses3","Rebel_Asses4","Rebel_Asses5","Rebel_HowMany1","Rebel_HowMany2","Rebel_HowMany3","Rebel_HowMany4","Rebel_HowMany5","Rebel_HowOften1","Rebel_HowOften2","Rebel_HowOften3","Rebel_HowOften4","Rebel_HowOften5","Rebel_Recom1","Rebel_Recom2","Rebel_Recom3","Rebel_Recom4","Rebel_Recom5","Reckless_Asses1","Reckless_Asses2","Reckless_Asses3","Reckless_Asses4","Reckless_Asses5","Reckless_HowMany1","Reckless_HowMany2","Reckless_HowMany3","Reckless_HowMany4","Reckless_HowMany5","Reckless_HowOften1","Reckless_HowOften2","Reckless_HowOften3","Reckless_HowOften4","Reckless_HowOften5","Reckless_Recom1","Reckless_Recom2","Reckless_Recom3","Reckless_Recom4","Reckless_Recom5","SOEP","Thrill_Asses1","Thrill_Asses2","Thrill_Asses3","Thrill_Asses4","Thrill_Asses5","Thrill_Asses6","Thrill_Asses7","Thrill_HowMany1","Thrill_HowMany2","Thrill_HowMany3","Thrill_HowMany4","Thrill_HowMany5","Thrill_HowMany6","Thrill_HowMany7","Thrill_HowOften1","Thrill_HowOften2","Thrill_HowOften3","Thrill_HowOften4","Thrill_HowOften5","Thrill_HowOften6","Thrill_HowOften7","Thrill_Recom1","Thrill_Recom2","Thrill_Recom3","Thrill_Recom4","Thrill_Recom5","Thrill_Recom6","Thrill_Recom7","SumAntisocial","SumAntisocial_HowMany","SumAntisocial_HowOften","SumAntisocial_Recom","SumThrill","SumThrill_HowMany","SumThrill_HowOften","SumThrill_Recom","SumReckless","SumReckless_HowMany","SumReckless_HowOften","SumReckless_Recom","SumRebel","SumRebel_HowMany","SumRebel_HowOften","SumRebel_Recom","SumIU","meanChangeTowardsRisky_Uncertain_0","meanChangeTowardsRisky_Uncertain_1","meanChangeTowardsSafe_Uncertain_0","meanChangeTowardsSafe_Uncertain_1","MinInEyesSum","numberFowards","numberBackwards","cftScore"
"1",1,"11","Weiblich",3,3,3,2,3,2,2,1,1,2,1,1,1,1,1,0,0,0,0,2,3,1,3,4,3,1,4,1,0,0,0,0,1,2,0,0,0,1,2,3,0,1,1,3,3,0,3,4,4,4,3,1,1,0,1,1,0,0,0,0,0,1,0,0,0,0,3,3,4,3,2,3,3,3,0,0,0,2,2,0,4,2,1,1,1,2,6,3,2,2,4,1,3,3,4,3,4,1,4,4,1,0,2,1,0,2,2,0,2,4,3,0,4,3,1,14,8,5,2,18,21,7,17,15,9,8,7,18,4,0,1,20,0.25,0.285714285714286,0.125,0,NA,6,10,15
"2",2,"10","Weiblich",1,2,2,2,1,1,1,1,1,0,2,1,0,1,0,1,0,0,1,0,1,0,1,1,1,1,1,1,1,1,1,0,0,1,1,0,3,2,1,3,3,3,3,2,0,1,2,3,1,3,2,1,1,0,0,2,0,0,0,0,1,0,0,0,0,1,2,2,2,1,1,0,1,1,1,3,1,1,1,1,2,1,1,1,1,2,6,2,2,2,1,1,1,2,2,0,1,0,4,2,0,2,0,1,1,4,3,0,1,0,1,1,2,2,0,8,4,4,2,11,9,11,7,8,6,6,6,11,4,1,1,10,0,0,-0.75,-0.875,9,7,9,14
"3",3,"12","Maennlich",2,4,4,2,3,2,1,2,3,3,1,0,0,1,1,2,0,0,2,1,1,2,2,3,2,2,2,3,1,1,3,2,2,1,1,1,0,1,3,0,1,2,2,2,3,0,2,4,3,3,1,2,1,0,0,1,0,0,0,0,3,2,0,0,0,3,3,2,1,2,1,0,1,1,1,4,0,0,1,0,4,1,0,0,0,2,2,1,2,2,1,1,1,3,4,1,2,1,4,3,1,1,0,0,0,4,3,0,4,3,2,3,4,3,0,15,11,3,5,11,16,8,19,9,7,5,3,13,4,3,5,24,-0.0357142857142857,-0.0357142857142857,0,0.125,16,7,12,14
"4",4,"10","Maennlich",0,3,3,2,2,0,2,0,0,0,2,1,1,1,2,2,1,0,2,1,1,1,2,4,1,2,2,2,2,2,2,2,0,0,1,1,0,2,2,0,2,0,0,3,2,0,3,3,4,4,1,0,1,0,0,0,0,0,1,0,0,0,0,0,0,2,4,3,2,3,2,0,0,2,0,0,1,1,0,0,4,1,0,2,0,2,6,3,2,2,2,0,2,3,2,1,1,0,4,0,0,0,0,1,0,4,0,0,3,3,3,2,4,4,0,10,2,7,6,14,8,5,19,14,2,6,5,15,1,1,2,23,NA,NA,NA,NA,NA,7,7,11
"5",5,"12","Weiblich",3,4,4,2,3,0,0,0,1,0,0,0,0,1,0,0,0,0,0,0,1,1,2,2,2,0,0,1,1,2,1,0,1,1,1,3,0,2,2,2,2,0,0,2,2,0,3,4,4,4,3,1,2,0,0,1,0,0,0,0,0,1,0,0,0,2,3,2,2,3,1,1,1,1,0,3,0,1,1,0,0,0,1,1,1,3,5,1,2,2,3,1,2,3,3,0,1,0,2,2,0,4,1,1,0,3,3,0,4,2,3,3,4,3,0,16,1,1,0,14,8,12,19,11,6,2,6,18,4,0,3,13,0.0833333333333333,-0.0833333333333333,-0.25,-0.0833333333333333,24,9,7,15
"6",6,"12","Weiblich",1,4,3,1,1,4,2,0,3,2,3,0,0,2,1,1,0,0,1,0,2,4,1,2,2,1,0,4,3,4,1,0,3,2,0,2,0,0,2,0,0,3,0,2,2,0,2,3,3,4,3,2,2,1,2,4,0,0,0,0,3,0,1,0,0,2,2,3,2,3,2,0,3,3,1,4,0,3,4,0,4,0,0,1,0,3,3,3,1,1,3,1,2,1,2,1,3,0,4,4,2,0,0,1,0,2,4,0,3,3,3,2,4,3,0,10,11,6,2,12,16,7,18,12,11,11,4,15,11,3,3,24,0.0714285714285714,0.0714285714285714,0.375,0.25,20,10,13,13
"7",7,"12","Maennlich",4,4,1,2,2,0,0,0,1,0,0,0,1,1,0,0,0,0,1,0,0,0,3,1,1,1,3,0,1,1,3,1,1,0,1,1,3,1,3,0,3,1,1,2,0,0,2,3,3,4,2,3,1,0,0,1,0,0,0,0,0,0,0,0,0,0,3,4,1,3,3,0,3,4,1,4,0,1,1,0,4,0,0,0,0,2,8,3,3,1,2,1,1,0,1,0,1,0,1,1,0,1,0,1,0,4,1,0,3,3,4,1,4,2,0,13,1,2,1,11,4,7,17,14,12,6,2,14,5,0,0,15,0.0833333333333333,0.166666666666667,0.0833333333333333,0.166666666666667,18,8,12,9
"8",8,"11","Weiblich",1,3,3,3,2,1,0,0,0,0,1,0,0,0,0,2,0,0,0,0,2,2,0,1,1,0,0,1,0,2,0,1,2,2,0,3,0,0,2,0,3,2,0,3,2,1,4,4,4,4,1,1,2,0,0,2,0,0,0,0,1,0,0,0,0,2,4,3,4,3,2,0,2,2,0,4,0,0,0,0,3,0,0,0,0,3,5,2,3,2,3,1,4,4,0,1,1,0,3,1,0,0,1,2,0,4,0,0,2,2,2,1,4,0,0,12,1,1,2,19,6,7,11,16,8,3,3,17,5,1,2,10,0.0416666666666667,-0.0416666666666667,0,0.0833333333333333,22,8,13,14
"9",9,"11","Weiblich",2,3,3,2,2,1,0,0,0,0,1,0,0,0,0,1,0,0,0,0,0,0,1,0,1,0,0,2,0,1,0,0,1,1,1,3,0,1,2,0,3,0,0,3,1,0,3,3,3,4,1,0,0,0,0,1,0,0,0,0,0,0,0,0,0,1,2,2,2,3,1,0,0,2,1,2,0,0,1,0,1,0,0,0,0,0,2,2,2,2,3,1,1,2,0,1,1,0,4,2,0,0,2,1,0,4,1,1,1,2,2,1,4,1,0,12,1,1,1,13,8,9,11,10,5,2,0,14,1,0,1,5,0,0.0833333333333333,-0.0833333333333333,-0.0833333333333333,21,2,10,12
"10",10,"10","Weiblich",2,3,4,4,3,0,0,0,0,0,1,0,0,0,0,0,0,0,0,0,1,0,0,0,2,1,1,1,1,2,0,0,0,1,1,1,0,0,2,2,0,2,1,3,3,0,3,4,4,4,4,0,0,0,0,0,0,0,0,0,0,0,0,0,0,0,2,4,4,4,3,0,0,0,0,0,0,0,1,0,0,0,0,0,0,0,1,3,3,3,2,2,4,3,0,0,0,0,0,0,0,0,1,0,0,0,1,0,1,0,0,1,0,0,0,16,0,1,0,20,0,2,2,17,0,1,0,19,0,0,0,9,0.0357142857142857,-0.0357142857142857,-0.375,-0.375,18,8,7,7
"11",11,"10","Weiblich",2,3,2,3,2,3,1,2,1,2,2,1,0,0,1,2,0,1,0,1,0,1,1,1,2,1,1,1,2,2,1,1,0,1,1,0,0,2,3,1,2,3,3,3,2,0,4,4,3,4,2,2,2,1,0,2,0,0,0,0,1,0,0,0,0,2,2,4,2,2,1,2,2,2,2,2,0,0,2,0,0,1,0,2,1,2,5,3,2,2,2,1,2,3,2,2,2,1,2,2,2,0,1,2,0,1,0,0,2,2,2,2,2,2,0,12,9,4,4,15,13,4,12,11,10,2,6,17,7,1,2,14,0.0357142857142857,0.0714285714285714,-1,-1,15,7,10,8
"12",12,"11","Maennlich",0,0,2,0,0,0,0,0,4,0,2,4,0,4,0,0,0,0,2,0,1,3,3,2,0,1,1,1,1,1,1,3,1,0,0,1,0,2,3,0,3,3,3,3,0,2,4,0,2,4,4,0,0,0,0,0,0,0,0,0,0,0,0,0,0,0,0,4,3,4,3,1,0,0,0,0,0,0,4,0,0,2,0,0,0,0,5,2,2,4,1,2,4,2,0,0,0,0,1,0,0,0,0,1,0,3,0,0,0,0,3,0,2,0,0,2,4,10,2,17,1,4,5,14,1,4,2,14,0,0,0,18,-0.321428571428571,-0.285714285714286,-0.125,-0.5,5,4,7,7
"13",13,"11","Weiblich",2,3,3,2,3,2,0,0,1,1,4,0,1,1,0,2,0,0,0,1,2,1,2,3,2,2,1,2,2,2,1,0,0,0,1,0,0,2,3,3,2,0,3,2,3,0,3,3,4,4,2,1,2,0,0,1,0,0,0,0,0,0,0,0,0,1,3,3,4,4,2,1,1,1,0,4,1,1,2,0,1,1,1,0,0,4,6,2,1,2,4,3,1,3,0,0,1,0,1,0,0,0,1,0,0,1,1,0,2,2,2,1,4,4,0,13,4,6,3,16,2,3,15,16,7,5,6,16,4,0,1,20,0,0.0357142857142857,0,0.375,18,3,8,12
"14",14,"12","Weiblich",2,3,4,2,3,2,1,3,1,0,3,0,1,1,0,1,1,1,1,0,3,2,3,2,3,2,4,2,3,3,1,1,1,2,1,0,3,1,3,1,0,1,1,2,3,0,4,3,4,4,2,1,2,0,1,3,0,0,0,0,3,0,0,0,0,3,4,2,3,4,3,0,4,4,0,4,1,3,4,0,0,0,1,1,0,4,5,2,2,1,3,1,0,3,1,1,0,0,4,3,2,1,0,2,0,0,2,1,2,1,0,4,1,4,1,14,7,5,4,12,11,6,13,16,12,8,6,17,7,3,3,29,0,0.0714285714285714,0,-0.125,21,6,5,13
"15",15,"12","Weiblich",1,4,3,2,3,4,0,1,3,2,4,0,0,2,0,3,0,0,2,0,3,3,1,1,4,1,0,1,3,4,2,1,1,0,1,3,0,2,2,2,3,2,0,2,2,0,3,3,4,4,1,1,0,2,0,2,0,0,0,0,0,0,0,0,0,0,4,3,0,2,2,0,3,4,0,0,0,2,4,0,0,0,1,3,0,2,6,2,1,1,2,0,0,2,4,1,0,0,3,2,1,0,0,0,0,4,0,0,4,2,3,0,4,3,0,13,10,6,5,8,11,4,16,11,7,6,6,15,5,0,0,24,-0.0416666666666667,0.0833333333333333,0,-0.25,21,9,12,10
"16",16,"13","Weiblich",0,2,1,1,1,1,0,0,1,0,1,0,0,1,1,0,0,0,1,0,1,1,0,1,1,2,0,1,2,3,1,0,2,1,0,1,0,0,2,3,2,3,0,3,2,0,1,2,2,3,1,0,0,0,0,1,0,0,0,0,0,0,0,0,0,1,1,1,1,2,1,0,0,1,0,2,0,1,4,0,3,0,0,0,0,3,4,1,2,1,2,0,1,1,1,0,0,0,1,2,0,3,0,1,0,0,4,0,3,1,1,1,1,3,0,5,2,3,1,8,4,8,10,6,3,8,3,9,1,0,1,13,0.0714285714285714,0.0357142857142857,0,0,22,10,12,9
"17",17,"12","Weiblich",0,3,2,1,2,2,2,1,2,0,4,2,1,1,0,2,0,1,1,1,2,2,2,2,2,2,1,1,2,2,1,0,2,1,0,3,0,2,1,3,2,0,3,3,3,0,3,4,2,4,2,0,0,0,0,4,0,0,0,0,2,0,0,0,0,2,2,3,1,2,0,2,0,4,3,4,1,0,4,2,2,2,0,2,2,2,4,2,3,0,2,0,1,3,2,2,2,1,2,3,0,2,2,2,0,0,2,0,2,0,3,1,2,2,0,8,7,8,5,11,12,8,10,8,13,9,8,15,4,2,2,19,0.166666666666667,-0.0833333333333333,0,-0.333333333333333,22,6,12,10
"18",18,"11","Weiblich",3,4,3,3,2,0,0,0,1,0,0,0,0,1,0,0,0,0,1,0,0,0,4,1,1,2,0,0,1,2,0,0,1,1,1,0,0,2,3,3,3,3,0,2,0,0,4,4,4,4,3,0,0,0,0,1,0,0,0,0,0,0,0,0,0,0,1,4,4,4,3,0,0,0,0,4,0,0,0,0,0,0,0,0,0,2,6,2,2,2,2,2,1,4,4,1,3,0,4,4,0,2,3,3,4,2,4,0,2,3,2,3,4,3,0,15,1,1,1,15,16,18,17,16,4,0,2,19,1,0,0,11,0.107142857142857,0.0357142857142857,0.125,0,17,10,12,14
"19",19,"11","Weiblich",2,4,3,3,2,1,1,0,0,0,1,1,0,0,0,0,0,0,0,0,2,0,2,0,1,4,0,2,2,4,3,0,2,2,1,1,0,0,3,2,3,3,0,0,2,3,4,4,4,4,4,0,0,0,0,0,0,0,0,0,0,0,0,0,0,0,2,4,4,4,2,0,0,0,0,0,0,0,0,0,0,1,0,1,0,0,5,3,2,4,4,0,3,3,0,2,0,0,4,0,0,0,2,0,0,4,2,0,1,2,1,0,4,0,0,14,2,2,0,19,6,8,8,16,0,0,2,20,0,0,0,20,0.214285714285714,0.0714285714285714,0,-0.0909090909090909,16,10,12,13
"20",20,"10","Maennlich",2,3,3,0,2,2,0,1,2,1,3,1,1,2,1,0,0,0,0,0,1,1,2,1,3,2,1,1,1,2,3,1,1,1,0,0,0,0,3,0,3,1,0,3,2,0,1,3,2,4,1,4,3,1,0,4,0,0,2,0,2,0,0,0,0,2,3,1,1,3,0,0,1,1,1,4,0,1,2,1,4,0,0,0,0,3,10,1,2,1,0,0,0,4,3,0,4,0,4,4,0,2,0,3,0,4,4,0,4,1,4,1,4,4,0,10,6,8,0,8,15,13,18,8,7,8,3,11,12,4,2,19,0.285714285714286,0.357142857142857,-0.625,-0.5,15,6,10,9
"21",21,"11","Weiblich",0,4,2,2,1,0,0,0,1,4,1,0,0,0,3,2,0,0,1,2,0,0,0,1,0,0,0,0,1,1,0,0,1,1,1,3,0,2,0,0,3,3,3,2,3,0,4,4,3,4,1,0,0,0,0,1,0,0,0,0,0,0,0,0,0,1,2,3,2,2,1,0,1,3,1,2,0,1,2,0,0,1,0,1,0,4,4,0,1,1,1,0,1,1,0,0,1,1,2,1,1,0,0,1,0,4,0,0,1,2,2,1,4,3,0,9,5,4,5,5,6,5,13,10,7,3,6,16,1,0,1,3,0.178571428571429,0.214285714285714,0,-0.125,16,5,8,10
"22",22,"11","Maennlich",1,3,3,1,2,0,0,1,2,1,0,0,1,2,1,0,0,1,2,1,1,0,0,1,2,1,0,1,2,1,1,0,0,0,1,1,1,3,3,0,3,0,0,2,0,0,2,3,2,4,1,2,1,0,0,1,0,0,0,0,1,1,1,0,0,2,3,2,1,3,2,0,1,1,0,2,0,1,2,0,0,0,1,1,0,2,7,2,2,1,1,1,2,2,1,2,1,0,4,2,1,0,0,0,0,4,3,0,2,2,2,2,3,2,1,10,4,4,4,11,11,7,14,11,4,3,4,12,4,1,4,10,0.416666666666667,-0.166666666666667,0.0833333333333333,0,18,8,10,12
"23",23,"11","Weiblich",3,3,3,2,3,2,1,0,2,1,1,0,0,0,0,0,0,0,0,0,0,1,1,1,1,1,1,0,2,2,1,3,1,1,1,3,0,2,3,2,3,2,3,3,3,0,3,3,4,4,3,2,1,1,1,0,0,0,0,0,0,0,0,0,0,0,3,4,4,4,1,1,1,1,1,3,0,1,0,0,1,1,0,0,0,1,4,4,3,2,4,1,2,3,3,4,2,0,3,2,2,0,1,2,0,2,3,0,1,2,3,0,4,2,0,14,6,1,0,19,16,8,12,16,7,2,2,17,5,0,0,14,0.5,0,0.0714285714285714,-0.0357142857142857,18,9,13,12
"24",24,"11","Weiblich",2,3,2,3,2,1,0,1,1,0,2,0,1,1,0,1,0,1,1,0,1,2,1,2,1,1,1,1,3,1,2,1,1,1,1,3,0,0,3,2,1,3,1,2,2,0,2,3,3,3,2,0,0,0,0,0,0,0,0,0,0,1,0,0,0,1,2,2,2,3,2,0,1,1,0,1,0,2,4,0,0,1,1,1,1,2,5,2,3,2,3,2,1,2,1,1,1,0,1,3,0,0,1,1,0,1,1,0,1,2,2,0,2,2,0,12,3,4,3,15,7,4,9,11,3,6,6,13,0,0,2,17,0.107142857142857,-0.142857142857143,0,-0.25,17,6,8,11
"25",25,"11","Maennlich",2,4,3,1,1,1,0,0,1,1,1,0,1,0,1,0,0,0,2,1,1,1,2,2,3,2,1,1,1,2,0,0,1,0,1,3,0,0,3,0,3,2,0,2,3,0,3,4,3,4,2,1,0,0,0,1,0,0,0,0,1,0,0,0,0,1,3,3,2,4,1,1,0,2,0,2,1,0,1,0,0,1,0,1,0,3,6,3,1,3,3,1,0,4,1,1,0,0,2,2,0,1,0,0,0,2,2,0,4,1,2,2,4,4,0,11,3,3,3,15,6,5,17,13,5,2,5,16,2,1,1,16,0,0.125,0.0833333333333333,0.0833333333333333,21,9,8,13
"26",26,"11","Maennlich",0,3,2,1,0,1,1,3,3,1,4,1,1,1,1,0,0,0,3,1,2,2,3,1,4,2,1,0,1,3,1,0,0,0,0,1,1,2,2,2,3,0,1,3,2,3,3,3,3,4,1,0,0,0,0,1,0,0,0,0,1,0,0,0,0,1,3,2,1,2,1,1,1,4,1,4,1,1,3,0,3,0,0,0,0,3,4,1,2,3,2,2,1,3,4,1,0,0,3,4,0,0,2,0,0,3,2,0,2,3,2,2,4,4,0,6,9,8,4,14,12,7,17,9,11,8,3,14,1,1,1,20,NA,NA,NA,NA,NA,6,9,13
"27",27,"11","Maennlich",2,4,3,2,2,0,0,0,0,0,0,0,0,0,0,0,0,0,1,0,1,0,2,1,0,0,1,2,0,1,0,0,0,0,0,1,3,3,3,0,3,0,1,0,2,0,3,3,4,4,1,0,0,0,0,1,0,0,0,0,1,0,0,0,0,2,4,3,1,4,1,0,1,1,0,0,0,1,1,0,0,0,0,1,0,3,2,2,3,1,4,2,0,1,1,1,1,0,3,2,0,1,0,1,0,2,3,0,2,1,2,2,3,3,0,13,0,0,1,13,8,7,13,13,2,2,4,15,1,1,2,8,0.0833333333333333,-0.0833333333333333,0,0,12,6,10,11
"28",28,"11","Weiblich",4,4,4,1,4,0,0,0,0,0,0,0,0,0,0,0,0,0,0,0,1,0,0,1,1,0,0,0,0,0,0,0,0,1,1,1,0,2,2,3,1,3,0,3,2,0,4,4,4,4,2,0,0,0,0,0,0,0,0,0,0,0,0,0,0,1,4,4,4,4,2,0,0,1,0,1,0,0,1,0,2,0,0,1,0,1,5,2,3,2,4,2,1,4,1,1,0,0,1,1,0,0,0,0,0,0,3,0,2,2,2,0,1,1,0,17,0,0,0,18,4,3,8,18,2,3,2,18,0,0,1,3,0.0357142857142857,0.107142857142857,0,-0.125,24,NA,NA,14
"29",29,"11","Maennlich",0,3,3,1,2,2,1,1,2,1,3,0,1,2,1,2,0,0,3,0,1,1,3,2,2,0,4,3,2,1,3,3,0,0,0,1,1,2,2,2,1,0,1,1,3,1,3,4,4,4,1,0,0,0,0,1,0,0,0,0,1,0,0,0,0,1,4,1,2,3,1,0,2,0,0,0,0,1,0,0,0,0,0,0,0,2,3,2,1,3,3,2,0,3,2,3,2,1,4,2,0,0,1,0,0,2,1,0,1,4,2,2,3,1,0,9,7,7,5,14,14,4,13,11,2,1,2,16,1,1,1,25,NA,NA,NA,NA,NA,7,10,14
"30",30,"13","Maennlich",1,3,2,1,3,3,0,1,2,0,2,1,0,2,1,2,0,0,2,0,1,1,1,1,3,2,1,1,0,1,0,0,1,0,1,1,3,1,3,0,3,1,1,3,3,0,2,3,3,4,2,0,0,0,0,3,0,0,0,0,3,1,0,0,0,2,3,4,2,2,2,0,0,3,0,0,0,0,3,0,0,0,0,1,0,0,7,1,2,1,2,0,1,3,3,3,3,0,4,3,0,3,3,2,0,4,3,0,4,2,3,1,4,1,0,10,6,6,4,10,16,15,15,13,3,3,1,14,3,3,3,12,0.0833333333333333,0.208333333333333,0.0833333333333333,0.25,12,6,8,10
"31",31,"10","Weiblich",1,2,3,2,3,3,4,1,3,0,1,3,3,2,3,1,1,0,2,0,2,2,1,1,3,1,1,1,0,2,1,0,1,1,1,2,0,0,3,1,3,3,0,3,0,0,2,4,4,4,1,4,4,1,0,3,2,4,4,4,1,2,0,0,0,4,0,4,1,4,2,3,2,4,1,4,0,4,0,4,1,4,0,1,0,3,5,2,3,1,3,0,1,3,4,4,4,0,4,2,1,2,2,2,2,0,1,4,3,3,3,2,3,1,0,11,11,12,4,13,19,13,15,11,14,9,8,15,12,15,6,15,0,0.0714285714285714,-0.25,0.125,15,9,11,9
"32",32,"11","Maennlich",2,4,4,3,3,0,0,0,0,0,0,0,0,0,0,1,0,0,0,0,0,1,0,2,0,0,0,1,0,1,0,0,1,0,0,3,0,0,3,1,3,0,3,2,3,1,3,4,4,4,2,0,0,0,0,0,0,0,0,0,0,0,0,0,0,0,4,4,3,4,1,0,0,0,0,0,0,0,0,0,1,0,0,0,0,2,2,2,4,2,3,1,2,1,0,0,0,0,1,0,0,0,1,0,0,1,1,0,2,2,2,1,2,2,0,16,0,0,1,15,1,3,11,16,0,1,2,17,0,0,0,5,-0.136363636363636,0,-0.0714285714285714,-0.142857142857143,21,8,10,10
"33",33,"11","Maennlich",1,3,3,1,0,0,0,0,1,0,0,0,0,1,0,0,0,0,0,0,0,0,1,0,1,0,0,0,1,1,0,0,0,0,0,3,0,0,3,3,1,0,0,2,2,0,1,3,3,4,0,1,1,0,0,1,0,0,0,0,3,0,0,0,0,1,2,3,2,2,2,0,1,1,1,4,0,1,0,0,4,0,0,0,0,2,3,1,2,1,1,1,0,2,3,1,1,0,4,4,0,1,0,1,0,4,4,0,4,1,1,1,4,2,0,8,1,1,0,8,13,10,13,11,7,5,2,11,3,3,1,4,0.125,0.0416666666666667,0.0833333333333333,-0.0833333333333333,16,7,8,7
"34",34,"11","Weiblich",3,3,3,2,3,1,0,0,1,0,0,0,0,2,0,0,0,1,1,0,0,0,1,1,0,1,1,1,1,2,3,2,0,0,1,3,0,1,3,0,3,3,1,3,2,0,4,4,4,4,0,0,0,0,0,0,0,0,0,0,0,1,0,0,0,2,2,3,3,4,1,1,0,0,0,3,0,0,0,0,3,2,0,0,0,3,4,1,2,2,3,0,1,4,3,2,0,0,2,2,0,0,4,0,0,4,3,0,2,4,2,2,4,2,0,14,2,2,2,13,9,11,16,13,4,3,5,16,0,0,3,13,0.0909090909090909,0.136363636363636,-0.142857142857143,0,16,8,6,8
"35",35,"11","Weiblich",3,4,4,3,3,0,0,0,1,0,1,0,0,1,0,0,0,0,1,0,1,1,1,1,2,0,1,0,1,3,1,0,1,1,0,3,0,2,2,0,3,3,0,2,2,2,3,4,3,3,3,1,0,0,0,2,1,0,1,0,2,1,0,0,0,1,4,4,3,4,2,0,0,3,0,1,0,0,2,0,2,0,0,1,1,1,5,2,3,2,3,4,2,3,4,1,0,0,4,2,0,3,0,0,1,4,0,0,4,2,1,1,4,2,0,17,1,2,1,19,11,8,14,17,4,4,3,16,3,4,2,12,0.583333333333333,0.458333333333333,0,-0.0833333333333333,18,9,11,13
"36",36,"10","Weiblich",3,3,3,1,1,0,3,2,0,3,0,0,1,1,2,0,0,0,1,0,1,0,2,2,2,1,2,1,2,2,2,1,1,1,1,0,0,1,2,1,3,3,0,0,2,0,2,4,4,4,3,1,1,0,0,0,0,0,0,0,0,0,0,0,0,0,4,3,4,2,1,1,1,2,0,4,0,1,0,0,0,0,0,0,0,1,4,2,1,2,3,1,0,1,0,2,1,0,4,3,2,0,0,2,0,3,0,0,2,2,2,1,2,0,0,11,8,4,1,10,12,5,9,14,8,1,1,17,2,0,0,18,0.0416666666666667,-0.166666666666667,0.0833333333333333,-0.166666666666667,18,9,9,12
"37",37,"11","Weiblich",2,2,4,2,1,1,0,0,0,0,0,0,0,0,0,0,0,0,0,0,3,2,3,3,0,3,3,2,1,2,2,2,2,1,1,3,1,0,3,0,1,3,0,2,2,1,2,4,3,4,1,1,0,0,0,0,0,0,0,0,0,1,0,0,0,1,0,4,2,4,2,1,0,3,0,3,2,0,0,0,0,2,0,0,0,0,8,2,2,2,1,1,1,1,1,1,0,0,1,2,0,0,1,0,0,2,2,0,0,3,1,1,3,4,0,11,1,0,0,10,5,5,12,12,7,2,2,14,1,0,2,26,NA,NA,NA,NA,NA,6,2,13
"38",38,"10","Maennlich",3,3,2,3,3,1,3,0,2,0,0,3,2,1,4,0,2,0,1,2,2,1,2,1,3,2,1,3,1,4,3,0,0,0,1,3,0,3,3,2,0,2,0,3,2,1,3,4,3,4,2,3,1,1,0,2,0,0,0,0,2,1,0,0,0,3,1,4,3,4,3,1,1,4,1,4,0,1,4,1,0,0,0,1,1,2,3,2,3,1,2,1,3,4,2,2,1,0,4,4,1,1,1,0,0,4,1,0,4,2,0,3,4,3,0,14,6,10,5,16,14,7,16,15,11,6,4,16,7,2,4,23,NA,NA,NA,NA,NA,8,2,14
"39",39,"10","Weiblich",2,4,3,4,4,2,1,1,0,0,1,0,0,0,0,0,0,0,0,0,2,0,3,3,4,0,2,1,0,2,1,1,1,1,1,3,0,2,3,2,3,3,0,3,3,0,4,4,3,4,3,0,0,0,0,2,0,0,0,0,0,0,0,0,0,1,3,4,4,4,4,2,0,1,0,4,1,0,0,0,2,2,0,0,0,2,1,3,3,3,3,1,3,2,3,0,3,0,4,3,0,3,0,1,0,4,2,0,3,0,2,0,4,1,0,17,4,1,0,18,13,10,10,19,7,3,4,18,2,0,1,19,NA,NA,NA,NA,NA,6,10,12
"40",40,"12","Maennlich",2,4,2,0,4,0,0,0,1,0,0,1,0,3,0,0,0,0,1,0,1,3,2,2,3,1,0,1,0,1,1,4,1,1,1,3,2,0,1,0,3,1,2,2,0,3,3,3,3,4,1,0,0,0,0,1,0,0,0,0,1,0,0,0,0,0,4,0,0,2,1,0,2,2,0,0,0,2,4,0,0,0,1,2,0,2,5,2,3,2,3,1,1,2,0,1,1,0,3,2,0,0,1,2,0,4,2,0,1,2,0,2,4,4,0,12,1,4,1,14,7,9,13,7,4,6,5,14,1,1,0,19,NA,NA,NA,NA,NA,11,8,9
"41",41,"11","Weiblich",1,3,1,3,2,0,0,0,0,0,0,0,1,0,0,1,0,0,0,0,2,0,0,0,1,1,0,0,1,1,0,0,0,1,1,3,0,3,2,0,3,3,0,0,3,1,2,4,3,4,2,0,0,0,0,0,0,0,0,0,0,0,0,0,0,1,3,3,2,2,1,1,1,1,3,4,0,0,1,2,4,1,1,1,2,2,7,3,1,2,4,2,3,1,3,0,1,0,2,1,0,2,0,1,0,4,1,0,2,2,2,2,4,2,0,10,0,1,1,16,7,8,14,11,10,7,7,15,0,0,1,6,NA,NA,NA,NA,NA,7,10,10
"42",42,"10","Maennlich",3,4,4,4,3,2,4,2,2,0,0,2,2,0,0,1,2,0,1,0,1,1,0,2,0,0,1,0,2,3,1,0,1,0,0,1,1,3,2,0,2,0,0,3,2,0,4,4,4,4,4,0,0,0,0,2,0,0,0,0,2,0,0,0,0,1,4,4,3,4,3,1,2,4,0,0,0,1,3,0,0,0,0,0,0,2,7,3,1,3,3,0,1,3,4,3,3,1,4,4,1,1,1,4,0,4,1,0,4,4,4,4,4,1,0,18,10,4,4,14,20,11,21,18,7,4,2,20,2,2,1,11,NA,NA,NA,NA,NA,11,10,14
"43",43,"10","Weiblich",1,4,2,3,2,2,1,1,1,1,2,0,1,1,1,2,0,1,1,1,1,2,1,2,0,0,2,1,3,3,1,0,1,1,1,3,0,0,3,0,2,3,1,2,2,0,1,3,3,4,1,0,0,0,0,1,0,0,0,0,0,2,0,1,0,2,0,1,2,3,1,0,1,2,0,4,0,0,3,0,4,1,1,1,1,3,7,3,2,2,1,2,1,3,2,1,3,0,3,2,0,2,1,2,0,3,2,0,2,1,2,1,2,3,1,12,6,5,5,14,11,10,12,7,7,7,7,12,1,0,5,16,0.178571428571429,0.285714285714286,0.125,-0.125,15,6,4,11
"44",44,"10","Weiblich",1,4,3,1,1,4,2,0,2,2,1,0,0,2,2,1,0,0,1,0,0,1,0,1,0,1,0,1,3,3,0,0,0,0,1,3,0,2,2,3,3,3,1,3,0,0,3,4,4,4,3,1,1,1,0,0,0,0,0,0,0,0,0,0,0,1,2,2,2,3,2,0,0,1,1,4,0,0,3,0,4,0,0,0,0,3,7,1,2,2,3,0,2,1,2,3,2,0,4,4,0,1,0,1,0,4,2,0,2,2,2,1,4,3,0,10,10,5,2,11,15,8,14,11,6,7,3,18,3,0,1,10,NA,NA,NA,NA,NA,6,12,12
"45",45,"10","Maennlich",0,4,4,4,2,4,4,0,0,2,4,4,0,0,2,4,3,0,0,3,4,0,4,0,0,0,0,0,0,1,1,4,0,0,1,0,3,3,1,0,3,1,2,3,3,0,3,4,4,4,0,0,0,0,0,0,1,0,0,0,2,1,0,0,0,0,4,3,4,3,2,4,3,2,0,0,4,2,0,3,4,4,0,1,0,4,10,2,3,2,1,1,4,2,2,4,4,1,4,2,0,2,3,2,3,4,0,0,4,3,4,3,4,2,0,14,10,10,10,15,17,14,20,16,9,13,9,15,0,3,1,14,NA,NA,NA,NA,NA,8,8,10
"46",46,"46","Maennlich",2,3,3,3,3,3,3,2,1,0,3,1,0,0,0,1,0,0,0,0,1,0,1,1,1,2,2,0,1,3,2,0,0,1,0,3,3,2,2,1,1,3,1,3,3,2,4,4,4,4,4,0,0,0,0,1,0,0,0,0,1,0,0,0,0,0,3,4,4,4,2,1,1,2,0,0,0,0,0,0,0,0,0,0,0,1,8,4,3,3,3,1,2,3,2,1,2,0,4,2,0,0,0,0,0,3,1,0,0,1,0,1,4,1,0,14,9,4,1,19,11,4,7,17,4,0,1,20,1,1,0,14,NA,NA,NA,NA,NA,7,6,13
"47",47,"12","Maennlich",0,4,0,0,0,3,2,2,4,1,4,2,4,4,1,4,0,1,4,1,0,0,0,0,4,4,1,0,0,0,2,0,1,2,0,3,1,3,3,0,1,2,3,2,2,0,4,4,4,4,0,3,1,3,1,1,0,0,0,0,0,0,0,0,0,1,4,0,0,2,1,3,1,4,1,4,3,1,3,1,4,4,0,1,1,4,9,2,1,1,1,1,0,2,4,4,4,1,4,3,4,4,3,1,0,4,1,0,4,4,4,4,4,4,0,4,12,15,10,8,24,13,24,7,13,12,10,16,9,0,1,11,0.166666666666667,-0.125,0.0833333333333333,-0.0833333333333333,18,10,7,11
"48",48,"10","Weiblich",3,4,4,2,4,1,0,1,3,0,2,1,0,1,0,1,0,0,1,0,2,1,2,1,1,0,0,3,1,1,2,0,1,0,1,1,0,0,2,3,3,2,0,3,3,0,3,4,4,4,3,2,1,2,0,2,0,0,0,0,0,0,0,0,0,1,3,4,3,4,1,0,1,3,0,3,0,0,2,0,0,0,0,0,0,2,5,2,3,2,2,2,1,3,2,2,2,0,2,2,1,2,3,1,0,0,2,0,4,3,1,1,2,2,0,17,5,4,2,15,11,8,13,15,7,2,2,18,7,0,1,14,0,-0.0416666666666667,0.0833333333333333,-0.0833333333333333,10,7,9,14
"49",49,"10","Maennlich",3,3,4,2,3,1,0,0,2,0,1,1,0,2,0,0,0,0,3,0,1,1,1,1,2,0,2,2,1,1,2,2,0,0,0,1,2,3,3,0,3,3,1,0,2,0,4,4,3,4,2,1,0,0,0,2,0,0,0,0,1,1,0,0,0,3,3,4,3,4,1,0,0,1,0,1,1,0,1,0,0,0,0,0,0,2,5,3,1,2,4,1,1,3,1,1,0,0,3,3,0,1,1,0,0,3,2,0,1,3,0,0,4,2,0,15,3,4,3,15,8,7,10,15,2,2,2,17,3,1,4,16,0,0,0,0,21,10,9,6
"50",50,"10","Weiblich",3,3,3,3,2,1,0,0,0,0,0,0,0,0,0,1,0,0,0,0,1,1,1,0,1,0,1,0,0,1,1,0,0,0,1,3,3,3,3,1,0,3,1,0,3,0,4,4,4,4,2,0,0,0,0,1,0,0,0,0,1,0,0,0,0,1,3,4,3,3,3,0,1,0,0,2,0,0,0,0,2,0,0,0,0,1,6,2,2,2,3,3,2,3,2,1,0,0,3,1,0,1,1,1,0,3,4,0,1,3,2,0,4,2,0,14,1,0,1,17,7,10,12,16,3,2,1,18,1,1,1,7,0.0357142857142857,-0.0714285714285714,0,-0.125,20,8,15,10
"51",51,"16","Maennlich",0,3,1,1,1,2,0,2,2,2,2,0,2,2,1,1,0,1,2,0,3,0,3,2,3,2,3,3,1,1,3,1,2,1,2,1,0,0,2,2,0,1,0,2,3,0,2,4,2,2,0,3,0,3,2,3,2,0,2,2,3,2,0,1,1,3,2,0,0,3,1,0,4,4,0,0,0,4,4,0,0,0,0,0,0,4,6,1,1,1,2,1,0,2,4,0,0,0,3,2,2,3,0,0,0,3,1,1,4,0,0,2,3,3,0,6,8,7,4,8,11,8,12,6,8,8,4,10,11,9,7,25,0.125,0.0833333333333333,-0.0833333333333333,-0.0833333333333333,18,11,11,14
"52",52,"17","Maennlich",1,4,3,0,1,1,0,0,4,0,2,0,0,3,0,1,0,0,4,0,2,0,2,0,3,1,3,3,1,1,2,0,3,2,2,3,2,0,3,0,1,1,1,2,0,0,2,2,2,3,0,3,2,2,3,4,2,2,2,3,2,0,0,0,0,4,2,0,0,3,1,0,3,4,0,2,0,3,4,0,0,0,0,0,0,0,8,1,0,1,0,1,0,0,2,0,0,0,2,2,1,0,4,0,0,2,2,1,3,4,4,4,4,2,0,9,5,5,5,3,7,9,21,6,9,7,0,9,14,11,4,18,0,0.0357142857142857,0,0.125,22,9,12,14
"53",53,"14","Weiblich",1,3,2,1,3,2,0,0,2,0,2,0,0,2,0,2,0,0,1,0,1,1,2,1,2,1,1,1,1,2,1,1,3,3,0,2,0,1,2,2,0,3,0,2,3,2,2,4,4,4,1,1,0,0,0,3,1,0,0,0,3,1,0,0,0,2,0,1,2,2,1,0,2,3,1,3,0,3,4,1,3,1,0,0,0,2,5,2,1,1,2,1,1,1,0,1,0,0,2,2,0,0,2,0,0,2,2,1,2,3,2,2,2,3,1,10,4,4,3,9,5,7,15,6,9,11,3,15,4,4,3,15,-0.166666666666667,-0.0416666666666667,0.166666666666667,0.25,14,8,11,15
"54",54,"18","Weiblich",1,2,3,0,2,2,0,0,3,0,3,0,1,3,0,0,1,0,4,0,1,1,2,1,2,2,1,0,1,2,1,1,3,3,0,1,3,2,2,2,1,3,1,2,2,2,1,2,2,3,1,4,1,3,1,3,3,0,2,0,3,1,0,0,0,3,2,2,1,4,2,0,2,3,0,1,1,1,4,1,3,0,0,0,0,2,7,1,1,1,3,0,0,0,2,0,0,0,1,4,2,0,0,0,0,1,3,1,3,1,2,3,1,1,0,8,5,7,5,6,9,5,11,11,6,10,2,9,12,8,4,15,0.125,-0.125,0,-0.0833333333333333,20,10,11,14
"55",55,"13","Weiblich",2,4,3,2,3,2,0,0,2,0,3,0,0,2,0,1,0,0,2,0,3,3,2,2,2,1,2,1,3,2,1,0,2,1,1,1,0,0,3,1,2,3,0,2,2,0,4,3,4,4,3,0,0,0,0,0,0,0,0,0,0,0,0,0,0,2,2,3,3,3,3,0,1,2,0,4,1,1,2,0,1,1,0,0,0,3,7,3,3,3,2,2,2,3,0,0,1,0,2,4,0,0,0,0,0,0,0,0,3,2,3,3,3,3,0,14,4,5,3,18,7,0,17,14,7,5,4,18,0,0,2,22,NA,NA,NA,NA,NA,10,8,12
"56",56,"16","Maennlich",0,4,1,0,2,0,0,0,0,0,1,0,0,1,0,2,0,0,1,0,1,1,2,2,2,2,3,1,0,3,2,1,3,2,3,3,0,3,3,0,1,1,0,2,0,0,2,4,3,3,2,3,2,3,2,3,0,0,0,0,0,1,0,0,0,2,1,1,1,3,0,1,3,4,0,0,0,2,3,0,2,1,2,1,0,3,2,3,2,4,2,0,0,1,2,0,0,0,3,3,0,0,0,0,0,3,3,0,1,2,1,4,4,4,0,7,0,2,3,12,8,6,16,6,8,7,7,14,13,0,3,20,-0.0833333333333333,-0.166666666666667,-0.0833333333333333,-0.0833333333333333,NA,11,13,13
"57",57,"13","Weiblich",1,3,3,0,1,1,0,0,1,1,1,0,0,1,0,1,0,0,0,0,1,1,2,1,2,0,1,0,0,0,1,0,2,1,0,3,0,0,3,0,3,3,0,2,2,0,3,4,3,4,0,1,1,1,0,0,0,0,0,0,0,0,0,0,0,1,2,2,2,3,1,0,2,4,0,0,0,2,4,0,3,0,0,2,1,1,4,1,2,1,2,1,1,1,1,1,1,0,1,1,1,1,0,0,0,4,3,0,4,1,2,0,3,4,0,8,3,2,1,9,6,8,14,10,6,9,4,14,3,0,1,9,0.25,0.0357142857142857,0.125,0.125,NA,9,13,12
"58",58,"17","Maennlich",1,3,3,0,3,2,0,0,0,0,3,0,0,2,0,0,0,0,3,0,1,1,1,0,1,0,1,1,2,3,0,0,2,2,3,0,0,0,1,3,2,1,2,3,1,1,0,4,4,2,1,3,0,0,0,1,3,0,0,0,2,3,0,0,1,2,2,1,1,4,1,1,2,3,0,1,1,3,3,0,1,1,0,0,0,2,7,1,1,0,0,0,0,4,1,1,0,0,2,2,0,0,0,0,0,0,4,0,3,3,3,3,2,3,0,10,2,5,3,6,6,4,17,9,7,8,3,11,4,5,6,11,-0.0416666666666667,0,0,-0.0833333333333333,NA,9,14,15
"59",59,"13","Maennlich",1,3,1,1,2,2,0,0,0,0,3,0,1,2,0,0,0,0,3,0,1,1,1,0,2,1,3,2,3,1,1,0,2,0,2,3,0,1,3,0,1,0,3,1,2,1,4,4,1,4,3,0,0,0,0,1,0,0,0,0,1,0,0,0,0,1,4,3,2,3,2,0,0,0,0,0,0,1,1,0,0,0,0,0,0,3,4,2,2,3,4,2,4,3,0,2,0,0,2,0,0,0,3,0,0,1,0,0,2,3,1,1,4,1,0,8,2,6,3,20,4,4,12,14,0,2,3,16,1,1,1,16,0.107142857142857,0.0714285714285714,0,0.125,NA,9,12,14
"60",60,"13","Weiblich",0,1,2,3,1,4,2,0,0,3,4,1,0,0,0,2,0,0,1,0,1,1,1,3,4,0,2,3,1,1,1,0,2,2,0,0,0,0,3,1,3,3,1,2,0,3,2,2,1,3,0,2,2,2,1,4,1,0,1,0,4,0,0,0,0,4,4,0,1,2,0,1,3,1,3,2,0,2,2,1,4,0,0,0,0,2,4,0,2,0,1,0,0,1,2,3,0,0,2,2,3,3,0,0,0,4,4,1,4,3,3,2,4,2,0,7,9,5,3,4,12,12,18,7,10,9,2,8,11,6,4,18,0,-0.136363636363636,-0.0714285714285714,0,NA,9,8,8
"61",61,"16","Weiblich",2,4,3,0,3,3,1,0,1,1,2,0,0,1,0,0,0,0,2,0,2,0,1,0,2,1,3,1,0,1,0,1,3,3,0,3,0,0,3,0,3,3,1,2,2,0,1,3,3,4,1,4,1,2,0,2,1,0,0,0,0,1,0,0,0,1,3,1,2,4,1,0,2,4,0,3,0,1,4,0,1,0,1,0,0,3,4,1,3,3,1,3,1,2,1,0,2,0,3,1,1,0,1,1,0,4,1,0,4,1,2,4,4,4,0,12,6,3,2,14,8,7,19,11,9,6,4,12,9,1,2,12,0.125,0.166666666666667,0,0.166666666666667,19,10,13,12
"62",62,"13","Weiblich",2,3,4,2,3,0,0,0,2,0,0,0,0,2,1,0,0,0,2,0,1,1,2,1,1,2,1,0,0,1,2,0,1,1,1,1,0,0,3,2,1,3,3,2,3,1,2,4,3,4,1,0,0,0,0,0,0,0,0,0,0,1,0,0,0,1,2,2,2,4,1,0,1,1,0,0,0,0,1,0,0,0,0,0,0,2,4,1,1,1,3,0,0,1,2,2,0,0,4,3,0,0,2,0,0,3,2,0,2,3,1,2,4,3,0,14,2,3,2,7,11,7,15,11,2,1,2,14,0,0,2,12,0,-0.0833333333333333,0,0.166666666666667,17,11,11,15
"63",63,"17","Maennlich",3,4,3,1,4,2,1,0,3,1,2,0,0,1,0,0,0,0,1,0,1,1,2,3,3,2,2,2,0,1,1,1,2,2,2,3,0,2,3,0,3,1,1,3,3,0,2,4,2,4,1,4,2,0,1,4,2,0,2,0,3,2,0,1,0,0,3,3,3,4,1,0,3,4,1,2,0,3,3,0,1,0,0,0,0,2,6,2,1,2,3,0,0,2,3,0,2,0,4,3,2,1,0,0,0,4,1,1,4,2,2,2,4,4,0,15,7,3,1,10,14,7,18,14,10,7,2,13,11,7,3,19,NA,NA,NA,NA,NA,10,10,14
"64",64,"14","Maennlich",2,4,4,2,3,1,1,0,2,2,1,0,0,2,2,0,0,0,2,2,3,1,3,1,2,2,3,2,0,1,2,1,2,0,0,3,0,1,1,0,1,1,0,3,0,3,3,4,3,4,2,0,0,0,0,3,0,0,0,0,2,1,0,0,0,4,4,3,3,4,1,0,3,4,0,0,0,2,4,0,0,2,1,1,0,0,8,3,2,3,3,1,1,4,4,0,0,0,4,2,0,2,0,0,0,4,1,0,4,2,0,2,4,4,0,15,6,5,4,17,10,7,16,15,7,6,4,16,3,2,5,21,0,-0.0833333333333333,0,-0.0833333333333333,14,9,10,11
"65",65,"17","Maennlich",1,3,1,1,1,0,2,1,2,3,1,0,0,4,1,0,0,0,3,0,1,0,1,0,1,0,1,1,3,1,3,1,2,2,2,3,0,0,3,0,1,1,0,2,1,0,2,4,2,4,1,4,1,4,3,4,3,0,3,2,4,1,0,3,1,3,1,2,3,4,2,1,4,3,2,2,0,3,2,0,3,0,1,1,0,1,8,2,1,3,2,2,1,0,2,2,0,0,3,1,3,2,0,0,0,4,2,0,3,2,1,4,4,1,1,7,8,6,3,11,11,8,16,12,12,8,3,13,16,12,8,13,0.0416666666666667,0.0833333333333333,0,0,18,9,12,12
"66",66,"15","Maennlich",2,4,4,2,2,2,2,2,2,2,3,0,1,2,1,2,0,0,2,0,1,2,3,2,2,1,1,1,2,2,2,1,2,2,2,0,0,1,1,0,2,1,3,2,3,3,4,4,2,4,2,2,2,2,1,2,0,0,0,0,2,2,0,2,0,2,4,2,3,4,2,1,4,4,0,1,1,4,4,0,2,0,2,2,0,2,5,3,2,4,3,2,2,2,0,0,2,0,3,2,4,0,0,1,0,3,1,0,0,2,2,0,4,2,0,14,10,7,4,18,11,5,10,15,10,11,6,16,9,2,6,20,0,0.583333333333333,0,0,16,8,10,12
"67",67,"15","Maennlich",0,3,3,2,1,4,4,2,1,3,4,3,1,1,2,3,1,0,0,1,1,1,1,0,2,1,2,1,2,3,2,0,2,2,2,0,0,1,3,0,3,1,0,2,0,0,2,3,3,4,2,3,4,3,3,4,2,2,2,1,2,1,1,2,0,2,2,4,1,2,1,2,4,4,1,1,0,3,4,0,1,0,0,0,1,3,7,1,2,1,2,1,1,3,0,1,2,0,2,1,4,0,0,1,0,2,1,2,2,3,2,2,3,2,0,9,14,11,5,11,10,6,14,10,12,8,4,14,17,9,6,16,0.375,0.458333333333333,0.25,0.416666666666667,21,15,10,8
"68",68,"17","Maennlich",3,4,3,1,3,3,0,1,3,1,1,0,1,1,1,0,0,0,3,0,1,1,3,1,3,2,2,1,1,2,2,2,2,2,2,3,3,1,1,3,1,1,0,1,3,2,3,4,4,4,2,3,2,3,1,2,2,0,2,0,2,0,0,0,0,3,4,3,3,4,3,0,4,4,0,1,0,2,3,0,0,0,0,0,0,2,6,2,2,3,4,1,1,2,3,2,1,0,2,2,2,3,0,0,0,1,4,1,4,3,1,2,3,3,0,14,8,4,3,15,12,9,16,17,9,5,2,17,11,6,3,21,0.0714285714285714,0.142857142857143,0,-0.25,19,11,11,15
"69",69,"14","Maennlich",1,4,4,3,3,3,1,0,2,0,3,1,0,1,0,2,0,0,1,0,2,1,1,0,3,1,0,1,0,2,0,1,2,1,1,3,0,0,3,0,3,1,2,2,0,0,4,4,4,4,1,0,0,0,0,4,0,0,0,0,3,0,0,0,0,4,4,3,2,4,3,0,3,4,0,4,0,1,4,0,3,0,0,1,0,0,7,2,2,2,2,1,1,4,2,1,2,0,4,3,0,0,1,1,0,4,2,0,1,3,2,1,4,0,0,15,6,5,3,14,12,8,11,16,11,8,1,17,4,3,4,12,0.0416666666666667,0,-0.0833333333333333,0,23,11,14,12
"70",70,"14","Maennlich",0,4,2,0,2,0,0,0,1,2,1,0,0,1,1,2,0,0,1,0,2,1,0,0,1,0,2,3,0,2,0,0,2,0,2,3,3,3,2,0,1,1,0,0,0,1,3,4,4,4,0,0,0,0,0,0,0,0,0,0,1,0,0,0,0,1,3,2,3,4,1,0,4,1,0,0,0,2,1,0,2,1,0,1,0,2,4,2,3,2,2,1,1,1,1,1,0,0,0,1,1,0,0,1,0,4,1,0,3,2,1,3,3,1,0,8,3,3,3,12,4,6,13,13,5,5,4,15,0,1,1,11,0.5,0.136363636363636,0.0714285714285714,0,16,8,13,11
"71",71,"15","Weiblich",0,4,4,4,2,2,0,1,4,1,4,0,0,3,1,2,0,0,1,1,1,1,3,2,2,2,1,0,0,2,3,1,3,2,0,2,3,0,3,2,2,3,0,2,2,0,4,4,4,4,2,3,2,3,1,4,0,0,0,0,3,0,0,0,0,3,4,4,3,4,3,0,4,4,0,4,1,2,4,0,4,2,0,2,0,4,6,3,1,2,1,1,2,3,3,0,3,0,4,4,0,0,0,1,0,3,4,0,3,3,3,2,4,4,0,14,8,8,4,13,14,8,19,18,12,11,8,18,13,3,3,18,0.0909090909090909,0,-0.0714285714285714,-0.0714285714285714,20,11,10,14
"72",72,"15","Maennlich",1,3,2,1,1,2,0,0,3,1,1,0,1,2,0,1,0,0,3,0,1,2,2,2,2,1,3,3,1,1,2,2,2,1,2,3,0,2,1,2,1,1,0,2,2,1,2,3,2,4,2,2,1,0,0,2,0,0,0,0,1,0,0,0,0,1,2,1,1,3,1,0,2,2,0,4,0,3,2,0,3,0,1,1,0,3,4,1,1,1,0,0,0,2,2,3,0,0,3,3,0,0,0,0,0,2,3,0,2,2,2,2,3,4,0,8,6,4,4,5,11,5,15,8,8,8,5,13,5,1,1,22,0,0.0416666666666667,-0.0833333333333333,-0.416666666666667,21,12,13,14
"73",73,"16","Weiblich",1,4,3,2,3,1,0,0,2,0,2,0,0,1,0,1,0,0,1,0,1,1,2,1,1,0,0,0,1,2,2,1,3,3,0,2,0,0,2,1,1,3,0,3,2,0,3,4,4,4,2,4,1,3,0,3,2,0,1,0,2,2,0,1,0,3,3,4,3,4,2,0,0,4,0,4,0,0,2,0,3,0,0,0,0,3,7,3,2,2,3,2,2,4,4,2,2,0,4,3,0,2,1,2,0,2,3,0,1,2,3,4,3,3,0,13,3,3,2,18,15,10,16,16,8,5,3,17,11,5,6,12,0.0416666666666667,0.0833333333333333,0,0.0833333333333333,19,8,11,14
"74",74,"15","Weiblich",2,4,4,0,3,4,0,0,4,0,4,0,0,2,0,3,0,0,3,0,1,1,3,1,3,2,1,0,2,3,4,1,3,2,0,1,0,0,3,0,3,0,3,2,2,0,4,4,4,4,1,3,2,3,1,4,1,0,1,0,4,0,0,0,0,4,4,4,3,4,2,0,3,4,0,2,0,1,4,0,0,0,0,1,0,3,5,3,3,2,3,2,3,3,1,2,2,0,3,4,1,0,0,1,0,0,0,0,1,2,3,0,4,3,0,13,8,6,6,19,13,1,13,17,9,5,4,17,13,6,4,22,0.0714285714285714,0.321428571428571,0,0.25,22,9,12,12
"75",75,"14","Maennlich",2,4,3,1,2,2,2,1,3,1,0,1,0,3,1,0,0,0,4,0,1,0,1,2,2,3,0,2,1,1,0,3,1,1,2,3,0,2,1,2,3,1,3,2,3,0,3,4,4,4,3,1,2,1,2,2,0,0,0,0,0,0,0,0,0,0,3,3,3,4,1,1,1,2,0,0,0,0,4,0,0,0,0,0,0,2,3,3,3,3,3,2,3,4,1,0,2,0,1,1,2,0,0,0,0,0,0,3,1,1,1,0,1,1,0,12,9,5,4,21,7,3,5,14,4,4,2,18,8,0,0,16,-0.214285714285714,-0.25,0,-0.125,22,NA,NA,7
"76",76,"15","Maennlich",0,4,4,0,4,3,0,2,3,0,4,0,0,4,0,4,0,0,4,0,0,0,0,0,4,0,0,0,0,0,0,0,2,1,2,2,2,3,3,0,1,3,2,2,1,1,1,4,4,2,0,2,0,0,1,4,0,0,0,0,4,0,0,0,0,4,4,2,0,4,4,3,4,4,0,4,0,4,4,0,0,0,0,0,0,0,8,0,0,4,1,0,0,0,4,3,1,0,2,4,2,3,2,0,0,3,4,1,4,4,0,0,4,4,2,12,8,8,8,5,16,13,18,14,15,8,0,11,7,4,4,4,0,-0.0833333333333333,0.0833333333333333,0,20,15,17,15
"77",77,"16","Maennlich",1,2,1,1,0,0,0,0,0,0,0,0,0,1,1,0,0,0,0,0,1,2,1,1,1,2,1,1,2,2,1,1,3,1,2,1,0,3,3,1,3,1,1,2,0,0,1,2,1,3,1,1,0,1,0,1,0,0,0,0,1,1,0,1,0,1,3,1,1,2,1,0,2,0,0,0,0,0,0,0,0,1,1,2,0,3,5,1,0,1,1,0,1,0,1,0,0,0,1,3,0,0,2,0,0,1,1,2,2,2,1,1,1,1,0,5,0,2,0,4,5,6,8,8,2,0,7,8,3,1,3,16,-0.0454545454545455,-0.0454545454545455,-0.142857142857143,0,19,10,11,13
"78",78,"17","Weiblich",1,4,3,1,3,2,0,2,2,1,2,0,2,3,0,2,0,1,4,1,2,1,0,0,3,2,1,1,1,3,1,0,3,2,0,2,0,3,3,3,0,3,1,3,2,0,3,4,3,4,2,3,2,3,2,4,1,1,1,2,3,2,0,1,2,4,3,1,2,3,2,0,4,4,0,1,0,4,4,0,1,0,3,1,1,0,7,3,2,3,3,2,2,1,2,1,1,0,1,4,3,0,0,1,0,0,3,3,1,1,1,1,3,4,2,12,7,7,8,16,12,7,13,11,9,9,5,16,14,8,9,15,-0.0416666666666667,0.0833333333333333,0,-0.166666666666667,21,6,16,12
"79",79,"16","Maennlich",1,4,1,0,2,1,0,1,2,2,2,0,1,2,2,1,0,1,2,2,2,2,2,2,3,0,1,1,3,3,3,1,2,1,2,1,3,2,3,0,2,1,2,2,0,0,2,2,2,2,1,2,3,2,2,3,2,0,2,2,3,2,2,2,2,3,3,0,1,3,1,1,4,4,0,2,1,4,4,0,1,2,3,4,1,2,7,2,1,1,2,0,1,0,1,1,1,0,2,2,2,0,0,0,0,2,1,2,2,3,2,2,3,2,2,8,6,7,6,7,9,5,16,8,11,10,12,9,12,9,11,23,0.25,0,0.166666666666667,-0.166666666666667,17,11,14,13
"80",80,"15","Maennlich",1,4,2,2,1,2,0,2,1,0,1,0,0,1,1,1,0,0,1,0,1,1,3,2,3,1,4,1,0,2,0,0,2,2,2,3,2,3,1,0,1,1,0,3,3,1,1,3,2,3,0,1,0,0,1,0,0,0,0,0,1,0,0,0,0,2,4,3,3,4,1,0,2,3,0,4,0,1,4,0,2,1,1,0,0,2,4,1,1,1,2,0,0,2,1,2,1,0,1,2,2,1,0,0,0,4,2,1,4,3,1,2,4,2,0,10,5,3,2,7,9,8,16,15,9,7,4,9,2,1,2,18,0.166666666666667,0.0833333333333333,0.0833333333333333,0.166666666666667,20,11,6,12
"81",81,"15","Maennlich",0,4,3,0,3,1,1,0,1,0,1,1,0,2,0,0,0,0,3,0,2,3,1,3,0,1,3,2,3,2,1,1,2,1,2,2,3,3,3,0,3,2,0,1,0,1,3,3,4,0,0,3,1,1,3,3,2,0,1,0,3,1,0,1,2,3,4,3,0,4,1,0,0,3,0,3,0,1,3,0,0,0,0,1,0,2,2,1,3,3,3,1,0,1,2,1,0,0,3,2,0,3,0,0,0,4,3,0,4,1,2,2,4,2,1,10,3,4,3,12,8,10,16,12,6,4,3,10,11,6,7,22,-0.0833333333333333,0.0833333333333333,0,0.25,20,9,9,13
"82",82,"16","Maennlich",0,3,1,0,0,3,0,1,3,2,4,0,0,1,0,0,0,0,2,0,1,4,2,4,2,2,0,0,3,2,3,2,2,1,2,1,0,1,2,0,3,1,1,2,0,1,2,2,1,2,2,4,3,4,3,4,3,1,3,2,3,2,0,1,0,1,1,1,2,4,2,1,4,4,0,0,0,2,4,0,2,0,1,0,0,2,3,3,0,2,4,1,4,0,4,0,2,0,4,4,2,1,0,0,0,4,1,0,2,2,2,2,4,1,0,4,9,5,2,14,16,6,13,10,9,8,3,9,18,12,4,25,-0.0416666666666667,0.208333333333333,0,-0.0833333333333333,22,9,14,14
"83",83,"15","Weiblich",2,4,3,1,3,2,4,0,4,2,3,0,0,4,0,0,0,0,2,0,2,4,1,4,3,2,1,2,3,4,1,0,3,2,0,1,0,0,3,3,0,3,1,2,0,0,3,3,3,3,1,4,4,4,4,4,4,4,4,2,3,0,0,1,0,3,3,4,4,4,4,0,4,4,0,2,0,3,4,0,0,0,0,2,0,2,7,2,0,0,3,2,4,1,1,1,0,0,1,2,4,0,1,0,0,0,2,2,4,4,2,4,2,4,0,13,12,7,2,12,9,5,20,19,10,7,4,13,20,17,4,27,-0.214285714285714,0.0714285714285714,0,0,20,10,4,10
"84",84,"14","Maennlich",1,3,4,3,2,2,0,2,3,1,2,0,0,2,1,1,0,0,2,0,1,4,2,2,2,2,1,3,2,2,0,0,2,0,2,3,0,0,1,0,0,1,0,3,3,0,3,4,4,2,1,1,2,3,2,2,0,0,0,1,1,1,1,0,1,2,3,2,3,3,1,3,2,1,2,4,1,3,1,1,4,2,2,0,2,4,7,1,0,1,2,2,0,1,2,1,1,1,1,3,0,1,0,2,0,2,3,0,4,3,4,4,3,4,0,13,8,5,3,7,9,8,22,12,12,10,10,14,10,2,5,21,-0.285714285714286,-0.464285714285714,-0.25,-0.125,17,12,11,13
"85",85,"17","Maennlich",3,4,4,0,3,2,2,1,4,2,2,0,1,4,0,2,0,0,4,1,2,0,1,1,3,2,2,3,1,1,3,0,2,2,3,1,3,1,3,0,3,1,0,2,0,2,0,1,0,2,0,4,4,4,4,4,4,4,3,2,4,4,0,2,2,4,4,0,0,3,1,0,4,4,0,0,0,4,4,0,2,0,4,2,0,0,7,1,2,1,1,0,0,1,4,2,3,0,4,4,4,3,1,3,0,4,3,1,4,2,4,2,4,0,2,14,11,7,7,6,21,15,18,8,8,10,6,3,20,17,12,19,-0.0416666666666667,-0.208333333333333,0.25,0.0833333333333333,18,6,11,14
"86",86,"14","Maennlich",3,4,4,3,2,1,0,1,1,0,0,0,0,3,0,0,0,0,1,0,4,1,4,2,4,1,4,4,0,3,4,4,2,2,3,3,0,1,3,0,1,3,1,2,0,0,2,4,4,4,2,1,0,0,1,3,1,0,0,0,2,0,0,0,0,2,4,3,3,4,3,0,1,0,0,2,1,1,1,0,2,0,0,0,0,1,2,2,1,3,2,3,0,4,4,1,0,1,4,4,1,3,4,1,0,3,4,0,4,4,2,3,3,3,0,16,3,3,1,15,15,15,19,17,3,5,1,16,5,3,2,35,0.0833333333333333,0.0416666666666667,-0.166666666666667,-0.0833333333333333,20,12,15,15
"87",87,"13","Maennlich",0,4,4,2,1,2,0,0,0,0,1,0,0,1,0,0,0,0,0,0,1,2,2,1,2,1,0,2,0,2,2,1,2,1,2,3,0,0,1,2,3,1,0,1,3,1,1,4,4,4,2,3,1,1,0,2,0,0,0,0,2,1,0,0,0,3,4,2,2,3,1,0,1,1,1,4,0,1,1,0,3,0,1,0,0,2,7,3,3,1,1,1,1,2,0,1,0,0,2,2,0,0,1,0,0,0,1,0,3,2,2,2,2,3,0,11,2,2,0,12,5,2,14,12,7,5,3,15,7,2,4,16,0.0833333333333333,-0.0833333333333333,-0.0833333333333333,-0.333333333333333,20,12,12,14
"88",88,"15","Weiblich",3,4,4,1,3,2,3,2,3,3,1,1,0,3,4,0,0,0,2,0,1,0,1,0,2,2,0,3,0,2,1,0,2,2,0,0,0,1,3,3,0,3,0,3,3,0,3,3,4,4,3,4,3,4,2,4,2,2,2,1,4,0,0,0,0,3,3,2,3,4,4,2,3,3,2,2,1,2,1,0,1,0,0,0,0,1,8,2,3,2,2,3,1,2,2,3,1,1,4,4,3,1,1,0,0,2,1,1,2,4,3,3,4,3,0,15,13,9,2,15,18,6,19,16,12,5,1,17,17,11,3,12,0,0.0357142857142857,-0.25,-0.125,22,14,16,9
"89",89,"13","Weiblich",2,4,4,3,2,1,0,0,2,0,1,0,0,1,0,0,0,0,0,0,2,1,2,2,3,1,1,1,2,4,1,0,2,1,0,1,0,0,2,3,2,3,1,2,0,0,3,4,4,4,3,0,0,0,0,1,0,0,0,0,1,0,0,0,0,1,4,3,1,4,2,0,3,4,0,0,0,3,3,0,0,0,1,1,0,3,7,3,3,2,3,2,0,2,2,0,0,0,1,4,1,0,1,0,0,1,2,0,2,3,1,2,3,3,0,15,3,2,0,15,8,4,14,14,7,6,5,18,1,1,1,20,NA,NA,NA,NA,NA,8,7,14
"90",90,"16","Maennlich",0,3,1,0,1,2,0,1,4,0,1,0,0,2,0,0,0,0,3,0,1,1,2,2,2,3,3,1,2,1,2,1,2,1,3,1,0,2,1,0,1,1,0,2,3,3,2,3,2,4,1,2,2,2,2,1,0,0,0,0,1,1,0,0,0,2,2,2,1,2,1,2,3,3,1,3,1,2,3,0,3,1,0,0,0,2,6,1,2,1,3,0,1,2,2,1,1,0,3,4,0,1,1,0,0,2,1,0,4,2,2,1,2,2,0,5,7,3,3,10,11,5,13,8,12,9,3,12,9,1,3,21,-0.136363636363636,-0.0454545454545455,0.0714285714285714,-0.0714285714285714,17,11,13,13
"91",91,"13","Maennlich",1,4,4,0,2,4,0,1,2,0,4,0,1,2,0,0,0,0,1,0,2,4,4,4,2,3,4,3,1,1,4,0,1,1,2,1,0,1,3,3,3,2,0,2,3,2,4,4,4,4,0,0,0,0,0,3,0,0,0,0,3,0,0,0,0,4,4,2,4,3,2,0,2,0,0,3,0,2,4,0,3,0,0,0,0,1,5,3,2,2,3,0,1,2,0,0,0,0,4,3,0,0,0,0,0,4,3,0,2,2,2,0,4,3,0,11,7,7,1,13,7,7,13,15,5,9,1,16,3,3,4,32,-0.0357142857142857,-0.0714285714285714,-0.25,-0.125,22,8,9,7
"92",92,"14","Maennlich",2,3,3,1,4,0,1,0,0,1,1,1,0,0,0,1,1,0,1,0,1,2,2,2,1,1,2,1,2,3,4,1,2,2,1,3,0,0,3,0,3,1,0,2,0,2,1,2,3,3,1,0,2,1,0,1,0,0,0,0,1,0,0,0,0,1,2,1,3,4,1,0,4,1,1,4,0,4,3,0,4,0,1,0,1,4,4,2,1,2,3,0,1,2,1,1,1,0,1,2,2,0,4,0,0,0,1,1,0,4,3,3,2,2,1,13,2,2,3,11,8,6,15,11,10,11,6,10,4,1,1,22,-0.0714285714285714,-0.0714285714285714,0,0.181818181818182,24,6,10,13
"93",93,"14","Maennlich",3,4,3,2,2,0,0,0,0,0,1,0,0,0,0,0,0,0,0,0,1,0,1,1,1,1,2,1,0,1,2,0,2,1,1,3,0,0,3,0,1,1,1,2,3,0,3,4,4,4,1,0,0,0,0,2,0,0,0,0,1,0,0,0,0,1,3,3,2,3,2,0,2,3,0,0,0,1,2,0,0,0,0,0,0,1,4,1,2,2,3,0,0,3,1,2,1,0,2,2,1,4,1,1,0,3,3,0,4,2,1,2,4,3,0,14,0,1,0,11,9,12,16,13,5,3,1,16,2,1,1,11,0.0416666666666667,0.25,0.0833333333333333,0.333333333333333,21,6,9,9
"94",94,"16","Weiblich",0,4,3,2,3,2,0,0,3,0,1,0,0,2,0,2,0,0,1,0,2,1,3,1,3,0,2,1,1,1,1,1,2,2,0,1,0,0,2,3,1,3,1,3,2,2,1,3,3,4,1,3,0,3,2,4,1,0,0,0,3,1,0,0,0,2,3,1,1,4,1,0,3,4,2,4,0,3,4,0,4,0,2,2,0,2,4,1,2,1,3,1,1,2,3,0,2,0,3,4,3,1,0,1,0,2,3,0,2,1,2,2,3,2,0,12,5,3,3,11,15,7,12,10,13,11,6,12,12,4,3,17,0.107142857142857,0.0357142857142857,0.125,0,21,11,13,15
"95",95,"14","Maennlich",1,3,4,3,2,2,1,1,1,1,1,1,1,1,0,1,0,0,1,1,1,1,2,1,3,0,0,1,0,2,1,1,1,0,1,3,0,0,3,2,1,1,0,3,2,3,3,4,4,4,1,0,0,0,0,2,0,0,0,0,1,0,0,0,0,1,3,4,2,4,2,2,1,3,0,2,2,2,3,0,4,1,0,1,0,2,5,1,2,2,3,1,1,0,2,2,0,0,4,2,3,3,2,4,0,4,2,3,4,2,3,1,4,2,0,13,6,4,3,10,13,18,16,15,8,11,4,16,2,1,1,13,0.107142857142857,0,0,-0.125,21,8,10,12
"96",96,"15","Maennlich",1,3,3,0,2,2,0,0,2,0,2,0,0,2,0,0,0,0,2,0,2,0,3,1,4,2,3,3,1,3,3,4,2,1,2,3,0,0,2,0,1,2,0,2,3,3,2,3,3,4,1,0,0,0,0,2,0,0,0,0,1,1,0,1,0,2,3,1,1,2,1,1,3,3,0,0,2,3,3,0,1,1,3,1,0,2,7,1,2,1,1,1,1,2,2,2,1,0,2,3,0,0,0,0,0,2,2,0,2,2,1,1,3,2,0,9,4,4,2,9,10,4,11,8,7,9,7,13,2,1,4,29,-0.0416666666666667,0,0.0833333333333333,0.166666666666667,23,6,16,15
"97",97,"13","Maennlich",1,3,3,1,3,0,0,0,2,0,0,0,0,1,0,1,0,0,3,0,2,3,2,1,2,1,2,1,1,3,3,1,2,0,1,3,0,0,3,0,3,2,1,2,1,0,2,3,2,4,1,1,0,0,0,2,0,0,0,0,0,0,0,0,0,2,3,0,2,3,2,1,2,3,0,1,0,2,2,0,0,1,1,1,0,3,6,3,1,2,1,1,0,2,1,3,0,0,4,2,1,0,3,1,0,4,2,0,1,4,2,2,2,3,1,11,2,1,4,10,11,10,15,10,7,4,6,12,3,0,2,22,NA,NA,NA,NA,NA,11,11,14
"98",98,"16","Maennlich",3,4,4,3,4,0,0,1,1,0,1,0,1,0,0,1,0,0,1,0,1,3,3,1,3,1,4,4,2,1,3,2,3,2,3,3,0,1,2,1,0,1,1,2,2,2,3,3,3,4,1,2,0,2,1,2,1,0,0,0,0,2,0,1,1,2,4,2,1,4,2,0,4,4,0,0,0,2,1,0,0,1,1,1,0,2,5,3,1,2,4,1,1,3,2,2,0,0,3,1,0,0,3,1,0,1,1,0,4,4,3,2,4,2,0,18,2,2,2,15,8,6,19,13,8,3,5,14,7,1,6,28,NA,NA,NA,NA,NA,10,15,14
"99",99,"15","Maennlich",1,4,2,0,1,3,1,0,2,1,3,0,1,2,0,3,0,0,2,0,3,3,2,2,3,3,3,3,2,3,3,3,2,1,2,3,1,2,1,2,3,1,1,2,3,3,3,4,4,4,2,2,1,2,1,3,0,0,0,0,3,1,0,0,0,3,4,1,1,3,1,0,4,4,1,4,0,4,4,0,2,0,3,3,0,3,5,1,1,1,3,1,1,1,0,1,0,0,3,2,1,0,4,0,0,1,2,0,2,4,0,2,3,4,0,8,7,6,5,9,7,7,15,10,13,10,9,17,9,3,4,33,-0.0714285714285714,0.0714285714285714,-0.375,0.125,14,10,12,14
"100",100,"15","Maennlich",2,4,3,2,1,1,1,1,3,2,1,1,0,1,0,1,1,0,1,0,2,2,3,2,2,1,3,1,2,3,3,1,2,1,1,3,0,0,2,0,1,1,0,2,2,1,4,4,4,4,2,3,1,2,1,4,1,0,0,0,3,1,0,0,0,3,3,3,3,4,3,1,4,4,1,3,1,1,4,0,2,1,1,2,0,2,3,4,3,2,3,2,2,1,3,1,1,1,4,2,1,3,0,0,0,4,2,0,4,2,2,1,4,2,0,12,8,3,3,17,13,9,15,16,13,8,6,18,11,4,4,25,NA,NA,NA,NA,NA,11,11,13
"101",101,NA,NA,NA,NA,NA,NA,NA,NA,NA,NA,NA,NA,NA,NA,NA,NA,NA,NA,NA,NA,NA,NA,NA,NA,NA,NA,NA,NA,NA,NA,NA,NA,NA,NA,NA,NA,NA,NA,NA,NA,NA,NA,NA,NA,NA,NA,NA,NA,NA,NA,NA,NA,NA,NA,NA,NA,NA,NA,NA,NA,NA,NA,NA,NA,NA,NA,NA,NA,NA,NA,NA,NA,NA,NA,NA,NA,NA,NA,NA,NA,NA,NA,NA,NA,NA,NA,NA,NA,NA,NA,NA,NA,NA,NA,NA,NA,NA,NA,NA,NA,NA,NA,NA,NA,NA,NA,NA,NA,NA,NA,NA,NA,NA,NA,NA,NA,NA,NA,NA,NA,NA,NA,NA,NA,NA,NA,NA,NA,NA,NA,NA,NA,NA,NA,NA,NA,NA,NA,NA,NA,NA,NA
"102",102,"19","Weiblich",0,4,4,2,2,3,0,0,2,0,4,0,0,1,0,3,0,0,1,0,1,0,2,1,2,2,0,1,1,1,0,0,3,3,0,1,0,1,3,3,2,3,1,2,2,0,1,4,3,3,2,2,1,1,0,3,2,0,0,0,3,2,0,0,0,2,2,4,2,3,2,0,1,3,1,4,0,1,3,0,4,0,0,1,0,3,4,2,3,3,1,1,1,1,0,0,0,0,0,2,1,2,0,0,0,0,2,0,3,1,2,2,2,3,0,12,5,5,4,12,3,4,13,13,9,8,4,13,7,5,4,11,-0.0555555555555556,0.166666666666667,0,0,NA,12,12,14
"103",103,"20","Maennlich",0,4,2,0,1,2,2,2,2,1,2,0,0,4,0,2,0,0,4,1,0,1,2,0,3,2,0,2,2,1,1,0,3,2,3,1,3,0,3,0,3,0,0,2,0,0,1,2,0,2,1,2,2,2,2,3,2,0,2,1,4,2,0,2,0,4,1,0,1,2,0,3,4,4,2,3,1,4,4,1,2,1,2,1,1,3,8,2,1,1,0,1,0,0,0,1,0,1,4,3,2,0,2,0,0,4,1,0,4,3,3,4,4,3,0,7,9,6,7,5,11,7,21,4,16,12,8,6,11,9,8,14,-0.0714285714285714,-0.0357142857142857,0,0,23,12,13,13
"104",104,"18","Weiblich",1,4,3,1,3,1,0,0,1,0,1,0,0,2,0,0,0,0,1,0,1,0,1,1,2,2,1,0,0,2,2,0,3,2,0,2,0,0,3,2,0,3,1,2,3,0,1,3,2,4,1,2,1,1,0,2,2,0,1,0,2,2,0,1,0,2,3,3,3,3,1,0,1,2,1,2,0,1,2,0,0,0,0,0,1,3,5,2,3,2,4,1,1,1,2,0,1,0,2,3,1,2,1,1,0,2,2,1,4,3,3,0,3,3,1,12,2,3,1,14,9,9,17,13,6,3,4,11,6,5,5,12,0.142857142857143,0,0,0,19,9,8,6
"105",105,"19","Maennlich",3,3,3,0,3,3,0,2,2,0,3,0,2,4,0,1,0,1,4,0,1,1,1,1,2,2,2,1,1,2,2,0,2,2,2,2,0,0,2,1,1,2,0,2,3,2,2,4,2,4,1,4,3,2,3,3,2,0,1,2,2,1,0,1,2,2,4,2,3,3,2,0,2,3,2,4,0,3,4,0,0,0,1,2,1,2,6,2,2,2,2,1,1,1,2,0,0,0,1,3,2,2,0,0,0,0,2,2,3,2,2,3,2,3,1,12,7,9,6,11,8,6,16,14,11,7,6,13,15,7,6,16,0.0714285714285714,-0.142857142857143,0.0454545454545455,-0.0454545454545455,25,11,12,14
"106",106,"22","Weiblich",3,4,4,0,3,0,0,0,3,1,2,0,0,4,1,2,0,0,4,1,1,0,0,1,3,3,1,0,1,2,2,0,3,3,0,1,0,1,2,0,3,3,0,2,1,0,3,4,4,4,0,3,0,2,1,3,0,0,0,0,2,0,0,0,0,4,3,3,2,4,1,1,2,4,1,4,0,2,4,1,4,2,1,0,1,4,6,0,1,0,1,0,1,2,3,1,2,0,1,3,2,2,1,1,0,1,2,2,4,3,4,3,4,3,1,14,4,7,7,5,12,9,22,13,12,11,8,15,9,2,4,14,NA,NA,NA,NA,NA,10,10,13
"107",107,"23","Maennlich",2,4,3,0,4,2,0,0,3,0,4,0,0,4,0,2,0,0,4,0,1,1,3,3,3,4,3,2,1,3,3,2,3,3,2,1,2,1,3,0,1,3,0,3,0,1,4,4,3,4,1,2,0,2,0,3,3,0,3,0,4,0,0,1,0,4,3,3,2,4,1,0,2,4,0,3,1,3,4,0,3,0,0,2,0,4,5,1,3,1,1,1,1,3,0,0,0,0,2,3,1,2,0,0,0,2,3,1,4,2,3,2,4,3,0,13,5,8,6,11,6,8,18,13,9,11,6,16,7,10,5,29,NA,NA,NA,NA,NA,12,14,14
"108",108,"23","Maennlich",1,4,2,0,3,1,0,1,4,0,2,0,0,3,0,1,0,0,4,0,1,1,2,2,2,1,2,1,1,2,2,0,3,2,3,1,0,1,3,0,1,2,3,2,3,0,1,4,1,2,1,4,4,4,2,4,2,4,3,2,3,1,0,3,3,2,2,3,3,4,3,0,1,2,0,2,1,2,2,0,1,0,2,0,0,1,8,4,3,3,1,2,0,1,1,0,1,0,3,2,3,0,0,1,0,2,3,3,1,1,2,4,3,2,2,10,6,5,5,14,10,9,15,15,5,6,3,9,18,14,9,17,NA,NA,NA,NA,NA,10,12,14
"109",109,"24","Weiblich",2,4,3,1,3,4,1,2,4,1,4,0,2,4,1,1,0,0,3,0,1,2,1,2,3,1,1,0,1,3,2,1,3,3,0,1,0,0,3,3,2,3,1,2,3,1,3,4,3,4,2,4,4,3,4,4,4,0,3,2,4,1,0,0,0,3,4,2,3,3,2,2,4,4,3,3,2,4,4,2,4,1,0,1,1,3,7,3,1,2,2,1,2,2,3,2,3,1,3,3,3,1,0,2,0,3,3,1,2,1,3,1,3,0,0,13,12,11,4,13,18,10,10,14,16,16,6,16,19,13,4,18,0.0416666666666667,0.125,0,0,18,10,12,11
"110",110,"25","Maennlich",0,3,2,0,2,2,0,0,2,0,3,0,0,1,0,1,0,0,2,0,2,2,2,2,3,2,2,1,1,3,3,1,3,3,3,2,3,3,2,0,3,1,1,0,3,1,1,2,2,2,1,3,1,2,2,3,2,0,1,0,2,2,0,1,1,3,2,1,2,2,0,2,3,3,1,3,1,3,4,0,2,0,2,0,0,1,2,2,1,1,1,1,0,1,2,0,0,0,4,3,1,2,0,0,0,4,2,0,2,1,0,1,4,1,0,7,4,4,3,7,10,8,9,7,12,10,3,8,11,5,7,24,0.0357142857142857,0.0714285714285714,-0.125,0.125,22,11,15,15
"111",111,"25","Weiblich",1,4,3,2,1,2,0,0,3,0,2,0,0,2,0,2,0,0,1,0,1,1,1,1,1,1,1,0,1,2,2,0,3,3,0,3,0,0,3,2,1,3,1,2,0,0,2,3,1,4,1,3,1,4,0,4,2,0,3,0,3,2,0,2,0,2,2,4,3,3,1,0,3,4,3,4,0,3,4,3,3,0,1,0,2,3,7,3,3,2,4,2,1,1,0,0,0,0,0,3,0,0,0,0,0,0,3,0,1,1,2,1,2,4,0,11,5,4,3,16,3,3,11,13,14,13,6,11,12,8,6,12,0,0.25,0,-0.0416666666666667,22,10,13,10
"112",112,"24","Weiblich",0,4,4,0,1,2,0,1,3,2,4,0,1,3,0,4,0,0,4,0,1,1,3,1,3,1,3,2,1,3,1,1,3,3,0,1,0,0,2,2,1,3,0,2,3,0,3,3,3,4,1,4,3,3,1,4,3,3,3,0,3,1,0,2,0,4,3,1,1,4,0,0,3,3,1,4,0,2,4,0,0,0,1,0,0,0,7,3,3,2,3,0,0,1,3,0,1,0,3,4,1,0,0,0,0,0,3,1,0,3,3,2,3,3,1,9,8,8,8,12,12,4,15,9,11,6,1,14,15,12,7,21,0,-0.0833333333333333,-0.0416666666666667,0,22,10,12,13
"113",113,"25","Maennlich",2,4,3,0,1,2,0,0,2,2,2,0,0,2,0,2,0,0,3,1,1,2,2,1,3,1,2,1,1,2,2,1,3,3,3,3,0,0,2,0,3,0,0,0,2,0,2,4,2,3,0,3,2,3,2,3,3,0,2,1,2,2,0,2,1,4,3,3,3,4,1,1,2,3,1,2,0,2,4,0,1,0,1,0,0,2,7,2,1,3,1,2,0,1,1,0,0,0,2,3,2,2,0,0,0,1,1,1,4,2,2,4,4,3,3,10,6,4,6,10,8,5,22,14,9,7,3,11,13,8,9,19,0.0357142857142857,0.0714285714285714,0.125,0,24,10,14,13
"114",114,"25","Weiblich",0,4,2,1,1,1,0,1,4,1,2,0,1,4,1,2,0,0,4,0,2,1,1,1,4,3,1,3,3,3,1,0,3,3,0,1,0,3,2,1,0,3,1,2,3,2,0,3,1,2,1,2,1,1,2,2,2,0,1,1,3,0,0,0,2,4,0,0,2,2,1,0,2,1,0,2,0,4,0,0,4,0,2,0,0,4,5,3,2,3,4,1,1,2,0,0,0,0,1,2,1,1,0,0,0,1,1,0,1,2,0,0,2,2,0,8,7,8,6,16,4,3,7,5,5,8,6,7,8,7,6,23,-0.166666666666667,0.0416666666666667,-0.0833333333333333,0.0833333333333333,24,13,16,15
"115",115,"24","Weiblich",2,4,2,0,0,2,1,0,2,0,3,0,0,2,1,0,0,1,4,0,1,1,1,1,1,2,0,0,2,1,1,1,3,3,0,3,0,2,3,3,0,3,1,0,3,1,1,3,1,3,1,2,1,2,1,2,2,1,2,1,4,1,0,1,0,3,3,1,2,4,1,0,1,2,0,2,1,3,2,0,0,0,1,0,0,1,8,1,2,2,2,1,0,0,1,1,0,1,1,2,2,1,1,0,0,1,1,3,3,2,2,2,3,2,1,8,5,6,5,8,8,7,15,11,5,6,2,9,8,10,5,12,NA,NA,NA,NA,NA,10,10,12
"116",116,"25","Weiblich",1,4,3,1,3,3,0,1,2,0,4,0,1,2,0,3,0,0,1,0,4,2,2,3,4,3,2,4,3,3,3,2,3,3,0,2,0,1,2,3,0,2,1,0,1,0,2,4,3,4,1,4,0,2,0,3,2,0,1,0,1,1,0,0,0,2,3,0,4,3,1,0,4,0,1,3,0,4,0,0,1,0,1,0,0,1,1,2,1,3,2,1,1,0,0,1,0,0,0,4,2,0,0,0,0,0,3,1,2,3,1,1,3,4,2,12,6,7,4,10,7,4,16,11,8,5,2,14,9,4,3,35,NA,NA,NA,NA,NA,12,15,13
"117",117,"22","Weiblich",0,4,2,0,3,2,0,1,3,0,4,0,0,4,1,0,0,0,4,0,0,0,0,0,0,0,0,0,0,0,0,1,3,3,0,1,0,1,2,0,0,3,0,0,3,2,2,3,0,3,3,4,2,4,2,3,4,2,4,2,4,2,1,2,2,2,2,0,3,4,1,0,4,2,1,1,1,3,0,0,1,0,0,0,0,2,6,3,2,3,0,2,1,0,3,1,0,1,2,2,2,0,0,1,0,3,2,1,3,2,2,2,2,2,0,9,6,9,4,11,11,7,13,10,8,5,2,11,15,16,9,1,NA,NA,NA,NA,NA,11,12,12
"118",118,"21","Weiblich",3,3,3,0,2,1,3,3,4,3,1,1,2,4,2,0,2,1,4,1,1,0,1,0,3,0,0,0,0,0,1,0,1,1,0,1,0,3,2,2,0,3,1,0,1,1,3,2,4,3,0,4,4,3,4,4,4,4,3,2,4,2,2,1,3,4,4,2,2,4,3,3,4,4,3,3,1,4,4,1,4,0,2,1,0,3,10,2,2,3,3,1,1,4,1,2,2,0,2,3,0,1,3,1,0,0,4,0,0,4,1,1,0,3,0,11,14,10,8,16,10,9,9,15,17,14,6,12,19,17,12,6,NA,NA,NA,NA,NA,8,11,12
"119",119,"21","Weiblich",2,4,3,1,3,2,0,1,2,1,2,0,0,2,0,1,0,0,2,0,2,1,1,1,2,1,1,1,1,3,2,0,3,3,0,2,3,2,2,1,3,3,0,0,0,0,3,3,3,4,2,3,0,2,2,3,2,0,2,1,3,2,0,1,1,3,2,1,2,3,1,1,2,2,0,3,0,2,2,0,0,1,2,1,0,2,6,3,3,3,2,2,1,1,0,0,0,1,0,3,2,0,0,0,0,0,2,0,3,2,3,4,4,4,2,13,6,4,3,15,6,2,22,9,8,4,6,15,10,8,7,16,NA,NA,NA,NA,NA,11,12,10
"120",120,"22","Maennlich",0,4,2,0,3,1,0,1,2,0,1,0,1,2,0,1,0,0,4,0,1,2,1,1,0,2,1,0,1,3,1,1,3,3,3,2,3,0,3,0,3,0,1,0,3,1,2,3,3,3,1,4,2,3,4,4,3,3,2,3,3,2,0,1,1,2,3,1,2,4,1,2,3,4,0,4,1,4,4,0,1,1,1,1,0,2,4,3,2,3,3,2,0,2,1,0,0,0,4,0,1,0,0,0,0,4,1,1,3,4,4,4,4,4,1,9,4,4,5,15,6,6,24,11,13,10,5,12,17,14,6,14,NA,NA,NA,NA,NA,12,14,9
"121",121,"23","Weiblich",3,3,3,0,3,2,0,0,4,0,3,0,0,3,0,1,1,0,3,0,0,0,0,0,2,1,0,0,0,0,1,0,3,3,0,3,0,0,2,2,0,3,1,2,1,2,3,3,3,3,1,4,2,4,4,4,3,1,3,4,3,2,0,2,1,3,4,2,4,3,2,0,NA,1,1,2,0,3,3,1,1,0,2,2,2,3,7,1,1,1,2,1,2,2,4,1,3,1,2,3,NA,3,0,2,2,0,3,1,4,4,4,3,4,3,0,12,6,6,5,10,NA,11,22,15,NA,8,9,13,18,14,8,4,-0.0833333333333333,0.166666666666667,0.0416666666666667,0,29,9,11,13
"122",122,"21","Weiblich",1,3,3,3,1,3,1,0,3,2,3,0,0,2,0,1,0,0,2,0,3,2,3,3,3,2,3,1,0,2,4,2,3,3,0,1,0,1,2,0,1,3,0,2,2,0,2,3,3,4,2,3,3,3,3,3,3,0,2,1,3,0,0,1,0,3,3,2,2,1,2,2,3,3,1,3,0,1,4,0,3,1,1,0,0,3,3,3,2,2,3,2,1,1,4,1,0,1,4,4,3,3,0,0,0,1,3,1,3,3,3,3,3,3,1,11,9,5,3,14,17,8,19,10,12,8,5,14,15,9,4,28,0.227272727272727,0.227272727272727,0.0714285714285714,-0.0714285714285714,24,9,9,14
"123",123,"21","Maennlich",0,4,1,0,3,2,0,0,2,1,4,0,0,4,0,2,0,0,4,0,1,1,0,1,3,3,0,1,1,2,1,0,3,3,3,1,0,1,3,0,3,2,1,3,3,1,1,3,1,3,1,4,1,1,3,3,3,1,3,3,4,1,0,0,1,3,0,2,1,4,1,0,4,1,1,4,2,1,2,1,2,1,1,1,0,2,8,2,2,1,0,1,0,0,1,0,0,1,2,3,2,0,0,0,0,2,3,0,2,2,3,2,4,3,1,8,5,8,6,6,9,5,17,8,10,8,5,9,12,14,5,14,-0.0357142857142857,-0.0357142857142857,0,0,26,12,10,14
"124",124,"22","Maennlich",1,3,4,0,3,3,1,0,2,2,4,0,0,4,1,3,1,0,4,2,0,2,2,2,2,0,1,0,1,2,2,3,3,3,3,1,0,3,2,0,3,0,0,0,2,0,4,4,4,4,0,4,3,4,4,4,0,0,0,0,2,0,0,0,0,1,1,1,2,3,1,2,4,3,2,4,2,3,2,2,4,3,2,1,1,1,6,1,1,1,1,2,1,3,3,1,1,1,3,3,2,1,0,1,0,2,4,0,4,3,3,3,4,1,2,11,8,9,10,10,14,8,20,8,15,13,8,16,19,2,1,17,0.208333333333333,0.166666666666667,0.25,0.25,26,11,11,13
"125",125,"22","Maennlich",0,4,3,1,4,2,1,2,2,1,3,1,2,2,3,3,0,0,3,0,0,0,1,0,2,0,1,0,0,1,1,0,3,2,3,3,0,3,3,0,1,1,0,2,0,1,2,4,3,3,2,3,3,3,3,3,2,0,3,1,4,2,0,1,2,4,3,2,4,4,2,1,2,1,1,4,0,3,1,2,3,0,1,0,0,2,7,3,4,2,3,2,0,1,2,1,0,0,2,3,1,1,0,0,1,4,2,1,3,2,2,4,3,2,0,12,8,11,6,15,9,9,16,15,9,9,3,14,15,10,9,6,0,0.166666666666667,0,0.0833333333333333,26,12,13,14
"126",126,"21","Weiblich",3,4,3,0,4,3,0,0,3,0,NA,0,0,2,NA,0,0,0,3,0,3,0,1,1,1,2,2,1,0,1,2,1,3,3,0,3,0,1,3,1,1,3,0,2,0,0,4,4,4,4,0,4,3,4,2,4,3,0,3,0,4,0,0,0,0,3,1,4,3,4,1,0,4,2,1,4,0,1,4,NA,4,0,0,0,0,1,3,1,2,1,4,1,1,3,3,0,1,0,1,4,2,0,0,0,NA,0,3,0,3,4,2,2,4,1,0,14,6,NA,3,13,11,NA,16,13,11,NA,1,16,17,10,3,15,0.0416666666666667,0.0416666666666667,0,0.25,30,9,12,13
"127",127,"25","Weiblich",2,4,3,2,3,2,0,0,2,0,1,0,0,2,0,1,0,0,2,0,2,2,2,2,3,2,2,2,2,2,2,2,3,3,0,1,0,1,2,2,0,3,0,2,2,0,2,3,2,4,3,3,2,1,0,3,1,0,0,0,1,1,0,0,0,1,3,2,3,3,2,0,4,1,0,4,0,3,1,0,1,0,1,0,0,3,6,2,2,2,2,1,1,2,0,0,0,0,2,4,1,0,0,0,0,1,2,1,2,2,2,1,2,4,1,14,4,3,3,12,7,4,14,13,9,5,4,14,9,2,2,25,NA,NA,NA,NA,NA,11,11,13
"128",128,"22","Maennlich",2,4,3,0,3,2,1,1,3,2,2,0,1,2,2,0,0,1,2,0,1,0,2,1,3,0,2,1,0,1,2,0,3,2,3,1,0,0,3,0,1,0,0,0,3,2,2,3,2,3,0,4,4,4,3,4,4,2,4,2,4,2,0,3,1,3,4,1,2,4,1,1,4,3,1,1,2,3,4,1,3,1,2,1,0,2,6,2,1,1,0,1,0,2,3,0,1,1,2,2,2,4,0,0,1,3,2,0,4,2,2,4,3,2,1,12,9,7,3,7,11,10,18,12,10,13,6,10,19,16,9,13,NA,NA,NA,NA,NA,12,12,13
"129",129,"25","Maennlich",1,3,2,0,2,2,0,0,2,1,1,0,0,2,1,1,0,0,2,0,1,0,1,0,1,0,0,3,0,1,3,1,3,3,3,1,0,0,3,2,1,2,1,2,1,2,1,2,3,4,1,3,2,2,1,2,2,0,1,0,2,2,0,0,1,2,1,1,2,3,0,1,3,3,2,2,1,3,4,0,1,1,1,1,0,2,8,2,1,2,2,1,0,0,3,0,0,0,1,3,1,0,0,0,0,1,3,0,3,1,1,1,3,3,0,8,5,4,3,8,8,4,12,7,11,9,5,11,10,5,5,11,NA,NA,NA,NA,NA,10,10,13
"130",130,"22","Maennlich",2,3,2,1,2,1,0,2,3,1,2,2,3,3,2,1,0,1,3,0,1,0,4,2,2,2,2,1,1,0,3,1,2,3,3,3,3,0,3,1,3,3,1,2,2,0,4,4,3,3,2,2,3,2,3,3,0,2,1,2,2,0,0,0,1,4,3,2,3,2,2,2,3,1,1,3,2,4,3,2,2,1,2,2,2,3,8,3,2,2,1,1,0,2,1,2,1,0,2,3,2,2,2,2,0,2,4,1,2,3,2,3,3,4,1,10,7,12,5,11,11,13,18,12,10,13,10,16,13,7,5,19,NA,NA,NA,NA,NA,8,10,8
"131",131,"22","Weiblich",0,4,4,0,4,3,0,0,4,0,3,0,0,3,0,2,0,0,4,0,4,3,1,4,4,4,4,4,4,4,4,3,3,3,0,1,0,0,2,2,3,2,0,2,2,0,4,1,4,4,2,2,1,2,0,3,0,1,0,0,2,0,1,0,0,2,4,0,4,4,0,0,2,0,0,4,0,2,0,0,4,0,2,0,0,4,1,3,3,4,0,0,0,0,4,1,3,1,2,4,2,2,1,1,2,2,4,2,3,1,1,2,4,4,1,12,7,6,6,10,17,14,16,12,6,6,6,15,8,3,3,43,NA,NA,NA,NA,NA,10,15,13
"132",132,"24","Weiblich",0,4,3,0,2,2,0,0,4,1,1,0,1,3,1,0,0,0,3,0,1,2,0,2,1,1,1,1,1,4,0,2,1,3,0,2,3,0,3,1,3,3,1,2,3,0,0,3,2,3,0,4,4,4,3,4,3,3,3,3,4,2,0,2,1,3,0,1,3,4,2,0,4,4,2,4,0,4,3,0,1,0,2,0,0,1,3,2,3,1,2,0,0,0,3,0,1,0,3,4,3,0,0,1,0,2,3,3,2,0,1,1,3,2,2,9,7,6,3,8,14,9,11,10,14,8,3,8,19,16,8,16,NA,NA,NA,NA,NA,9,11,10
"133",133,"23","Maennlich",1,4,1,0,2,2,1,1,3,1,1,1,1,3,1,1,2,1,2,1,2,4,3,1,3,3,3,4,0,2,3,2,3,3,3,3,2,3,1,1,1,1,1,0,1,0,3,3,2,3,2,2,1,2,2,2,0,0,0,4,4,0,0,0,1,2,2,0,1,3,2,0,3,1,1,3,1,4,0,0,0,1,2,2,0,3,7,2,1,2,1,1,0,2,1,2,0,0,1,1,1,0,1,0,0,0,2,1,2,4,2,3,1,4,2,8,8,7,7,9,6,4,18,8,8,5,8,13,9,8,3,30,-0.0357142857142857,0.107142857142857,0,0.125,24,15,13,14
"134",134,"22","Maennlich",0,4,3,1,2,1,0,1,1,0,1,0,0,2,0,1,0,0,1,0,1,1,1,1,2,1,3,1,1,2,2,0,3,3,3,3,0,3,3,0,3,0,0,0,2,0,3,3,2,4,1,3,2,3,0,3,3,1,2,0,3,2,0,2,0,2,3,1,2,2,1,2,2,3,1,2,2,2,2,1,4,1,2,1,1,3,4,3,1,1,1,1,0,1,2,0,0,0,3,3,1,3,0,0,0,4,4,1,4,1,1,2,4,3,2,10,3,3,2,8,9,12,17,9,10,11,8,13,11,9,6,16,0.166666666666667,0.208333333333333,0.0833333333333333,0.166666666666667,22,12,12,14
"135",135,"20","Weiblich",1,4,4,1,3,3,0,0,1,0,4,0,0,1,0,3,0,0,1,0,2,3,3,1,4,3,2,1,1,1,1,0,3,3,0,3,0,0,2,2,1,1,1,2,2,0,2,4,3,4,1,4,0,3,1,3,2,3,2,0,3,2,0,0,1,2,4,3,4,4,2,0,2,0,1,2,0,2,1,0,2,0,0,0,0,4,4,3,3,3,3,2,1,2,1,0,0,0,0,2,1,0,1,2,0,1,1,2,4,4,4,4,4,4,0,13,4,5,4,17,4,7,24,17,5,5,4,14,11,10,5,22,0.0555555555555556,0.0555555555555556,0,0,22,9,13,13
"136",136,"23","Weiblich",0,4,4,2,3,4,0,0,2,2,4,0,0,2,1,4,0,0,1,0,1,1,3,1,2,2,0,1,0,0,2,2,3,3,0,3,0,0,2,2,2,3,1,2,3,0,2,3,2,3,0,4,1,4,3,4,4,0,3,1,4,3,0,3,0,4,3,1,2,3,2,1,4,0,3,4,1,3,2,0,2,1,2,1,1,3,8,1,2,0,1,1,0,4,3,0,0,0,2,3,0,1,0,0,1,0,4,0,3,2,0,3,0,4,0,13,8,7,5,9,8,6,12,11,12,8,8,10,16,12,10,15,-0.0416666666666667,0.125,-0.0833333333333333,0,19,8,11,12
"137",137,"18","Weiblich",0,4,3,0,1,2,0,0,3,0,2,0,0,3,0,2,0,0,4,0,2,3,2,1,3,1,3,2,3,3,4,1,3,3,0,2,0,1,3,2,0,0,1,2,3,0,2,2,2,3,0,2,2,2,1,3,2,1,1,0,2,0,1,0,0,2,3,1,1,3,0,0,4,4,0,1,0,4,4,0,3,0,3,3,0,2,6,1,2,0,1,0,0,1,2,0,0,0,0,4,2,2,0,0,0,0,3,2,4,2,2,3,2,3,2,8,5,5,6,5,8,7,18,8,9,11,8,9,10,6,3,28,-0.0416666666666667,-0.208333333333333,0,0,18,10,13,15
"138",138,"21","Maennlich",0,4,4,0,3,3,0,1,2,1,4,0,0,2,0,3,0,0,1,0,2,1,2,2,3,3,1,1,1,3,2,0,3,3,3,1,0,1,3,0,3,1,0,3,0,2,2,4,3,4,2,3,2,3,1,3,3,0,3,0,3,3,0,3,2,3,3,1,2,4,1,1,4,3,2,3,1,2,4,1,4,1,1,1,1,3,7,3,3,4,3,1,0,3,2,0,2,1,3,2,1,3,0,2,0,4,2,0,3,3,3,1,4,4,0,11,7,6,4,17,11,11,18,11,13,12,7,15,12,9,11,21,0.272727272727273,0.227272727272727,0,0.0714285714285714,24,12,12,15
"139",139,"25","Weiblich",3,4,4,1,3,0,0,0,2,1,1,0,0,2,1,0,0,0,2,0,3,2,4,2,3,2,3,2,1,3,4,2,3,3,0,2,0,0,2,3,0,3,1,1,3,0,3,3,3,3,3,3,2,2,1,2,2,0,1,1,3,1,0,0,1,3,4,2,3,4,3,0,3,3,0,3,0,2,3,0,1,0,0,0,0,1,3,2,1,2,3,2,2,1,1,1,0,0,2,2,3,0,1,0,0,1,1,1,3,3,3,1,3,0,0,15,3,4,2,13,9,4,13,16,9,6,1,15,10,7,5,31,0.125,0.125,0.166666666666667,0.0833333333333333,24,10,12,12
"140",140,"23","Maennlich",3,4,2,1,3,2,0,0,2,0,3,0,0,1,0,0,0,0,3,0,1,1,3,0,1,2,3,1,1,3,2,0,3,3,3,1,2,0,2,0,3,2,3,2,3,2,2,3,4,4,0,3,2,2,2,4,2,0,1,1,3,2,0,1,0,2,3,2,2,4,2,0,4,3,1,3,1,2,4,0,1,1,0,0,0,2,5,2,3,2,2,1,0,3,0,1,0,0,2,3,2,1,0,0,0,2,2,0,4,3,2,3,2,3,0,13,4,4,3,13,8,5,17,13,11,8,3,13,13,7,5,18,0.0454545454545455,-0.0454545454545455,0,-0.142857142857143,26,11,15,14
"141",141,"24","Maennlich",2,3,4,0,3,2,0,1,4,0,3,0,0,2,0,2,0,0,4,0,1,1,1,1,2,2,1,1,2,2,0,1,3,3,2,1,3,0,3,0,0,3,1,0,0,1,3,4,3,3,1,4,2,4,4,4,3,4,3,3,3,1,0,2,2,3,4,1,2,3,0,1,4,3,1,2,0,4,4,0,1,0,2,1,0,1,8,2,1,2,2,0,0,2,3,1,1,1,3,3,3,3,0,1,0,2,2,2,4,2,2,2,4,1,2,12,7,5,6,9,15,10,17,10,11,9,4,14,18,16,8,15,0,0.0909090909090909,0.0714285714285714,0,26,12,14,14
"142",142,"21","Maennlich",0,4,4,0,4,3,0,0,3,0,3,0,0,2,0,3,0,0,3,0,1,2,1,1,2,2,2,1,2,2,3,1,3,1,2,1,0,3,1,0,2,2,1,1,2,1,1,3,2,3,1,4,1,2,2,2,2,0,2,1,3,3,0,2,2,4,4,1,2,3,1,0,4,4,1,4,0,NA,4,0,2,0,3,3,1,3,4,3,2,2,1,1,0,1,1,0,1,0,2,4,1,0,0,0,0,3,2,NA,3,1,2,3,3,3,1,12,6,5,6,10,9,NA,16,11,13,NA,10,10,11,8,11,20,-0.0357142857142857,0.0357142857142857,0,-0.125,27,10,12,15
"143",143,"24","Maennlich",1,4,4,0,3,2,0,1,4,1,2,0,0,3,1,0,0,0,3,0,1,1,0,1,2,1,1,1,1,2,1,1,3,3,3,3,2,0,3,0,3,0,1,0,0,0,1,4,1,2,0,4,3,4,3,4,3,3,3,2,3,4,0,2,2,4,2,1,1,4,1,3,4,4,1,4,0,3,4,1,3,0,0,0,0,3,3,1,2,1,1,1,0,1,3,0,1,0,4,4,2,1,0,0,0,3,2,1,3,2,2,2,4,3,0,12,8,6,3,7,14,7,16,9,16,11,3,8,18,14,12,13,0.0416666666666667,-0.0833333333333333,0.166666666666667,0.166666666666667,29,12,14,13
"144",144,"22","Maennlich",1,4,4,0,1,0,0,0,4,0,3,0,0,4,0,0,0,0,4,0,0,0,1,0,2,0,2,0,1,3,3,0,3,3,3,3,0,3,2,2,1,0,0,3,1,1,0,4,2,2,0,4,2,1,1,4,4,0,1,0,4,2,0,0,1,4,2,1,2,4,1,0,4,4,0,1,0,2,0,0,2,0,2,0,0,2,5,2,2,3,1,1,0,2,2,0,1,0,2,3,0,1,0,4,0,0,2,0,4,2,4,4,4,1,1,10,4,7,4,11,8,7,20,10,9,4,4,8,12,9,7,12,0.0833333333333333,0.0416666666666667,0,0,23,11,14,15
"145",145,"23","Maennlich",3,4,3,0,3,2,0,0,2,0,3,0,0,2,0,1,0,0,3,0,1,1,3,1,2,1,3,1,1,1,2,1,3,3,3,3,0,1,3,0,3,1,1,2,0,0,2,3,2,4,1,2,1,2,1,2,1,0,1,0,2,2,0,1,0,2,4,4,4,3,1,1,2,0,1,3,0,2,0,0,1,0,1,0,1,3,7,2,2,3,1,1,0,3,1,0,1,0,3,1,1,1,0,0,0,2,2,1,3,3,2,3,3,2,0,13,4,5,4,12,7,6,16,16,7,3,5,12,8,4,5,18,0.0833333333333333,0.125,0.0833333333333333,0.166666666666667,29,9,14,13
"146",146,"22","Weiblich",3,4,4,1,2,3,0,0,3,0,2,0,0,2,0,1,0,0,2,0,2,2,2,1,3,2,2,1,2,3,3,1,3,3,0,2,0,0,3,2,0,3,1,2,3,0,3,4,3,3,2,4,2,3,2,3,3,1,2,1,3,3,0,2,1,3,4,1,4,3,3,0,4,4,3,4,1,3,1,1,2,1,2,0,0,3,6,2,2,3,1,2,1,2,2,0,0,1,2,3,1,0,1,0,0,0,4,2,3,2,2,3,3,4,1,14,6,4,3,13,9,7,18,15,15,8,6,15,14,10,9,24,0.0416666666666667,-0.0416666666666667,-0.0833333333333333,0.0833333333333333,31,11,13,14
"147",147,"22","Maennlich",1,3,3,1,2,3,2,1,4,2,3,0,2,2,1,1,0,0,3,0,4,4,4,3,4,2,2,3,4,1,2,2,3,2,3,3,0,3,3,0,0,2,2,2,0,2,2,1,3,2,2,3,4,3,3,4,2,4,2,2,4,0,0,0,0,2,4,1,2,3,1,1,4,4,2,3,1,3,4,0,1,0,0,1,1,1,2,3,2,2,2,1,0,3,1,3,2,0,3,2,1,0,2,0,0,1,1,1,1,4,2,1,4,4,0,10,12,8,4,13,12,5,16,11,14,9,3,10,17,14,2,35,-0.0454545454545455,-0.0909090909090909,0.0714285714285714,0.142857142857143,23,10,11,15
"148",148,"22","Maennlich",1,3,3,0,1,2,0,2,3,2,1,0,0,2,0,0,1,0,1,1,3,1,3,1,3,1,2,0,1,2,0,1,3,2,2,2,0,1,2,0,0,1,0,2,1,0,1,3,3,3,1,3,3,3,2,3,3,0,1,0,3,1,0,0,1,3,1,3,2,2,1,2,2,3,2,4,0,1,2,0,2,1,1,0,0,2,2,1,1,2,1,1,0,2,0,1,0,0,3,2,2,0,0,0,0,2,2,0,3,2,1,1,4,3,1,8,9,3,3,8,8,4,15,9,13,5,4,11,14,7,5,18,0.208333333333333,0.166666666666667,0.0833333333333333,0.166666666666667,25,16,18,15
"149",149,"25","Weiblich",0,4,0,2,2,4,1,3,2,1,4,1,4,0,0,2,0,0,2,0,0,2,4,2,4,2,1,4,2,0,4,2,3,3,0,1,0,0,3,0,3,1,1,2,3,0,1,4,1,2,2,4,4,4,4,4,3,2,3,2,4,2,0,1,0,3,2,4,1,4,4,0,4,4,3,4,0,4,4,4,3,0,0,2,1,2,7,4,4,4,4,1,2,0,0,1,4,0,4,4,3,0,0,1,0,4,0,1,2,4,3,1,4,2,0,8,11,9,4,19,16,6,16,15,15,15,5,10,20,14,6,27,0,0,-0.0384615384615385,-0.0769230769230769,24,8,7,8
"150",150,"23","Maennlich",1,4,4,0,3,1,0,1,4,0,1,0,0,4,0,1,0,0,4,0,1,0,1,0,2,0,3,0,0,0,1,1,3,3,3,3,3,0,2,0,1,0,1,2,2,0,2,3,3,4,1,3,3,1,1,4,2,0,1,0,3,2,0,0,0,3,2,1,4,3,1,0,3,2,1,2,2,2,0,0,3,1,1,0,1,2,7,2,1,1,1,1,0,2,3,1,0,0,4,3,1,3,0,0,0,4,4,0,4,2,2,3,4,3,0,12,6,5,5,8,12,11,18,11,8,7,5,13,12,6,5,9,0.0416666666666667,0.0833333333333333,0.0833333333333333,0,23,10,11,14
"151",151,"13","Maennlich",3,3,4,1,2,0,0,0,2,0,0,0,0,1,0,1,0,0,2,1,2,2,3,3,3,0,0,0,1,1,2,1,0,0,0,3,0,1,1,0,1,1,0,2,0,1,3,3,4,4,2,0,0,0,0,2,0,0,0,0,1,0,0,0,0,2,4,2,2,4,2,0,2,4,0,4,0,1,1,0,3,0,1,1,0,0,3,1,2,1,3,2,0,3,2,1,0,0,4,3,0,2,0,0,0,4,2,0,4,2,3,1,4,2,0,13,2,1,4,12,10,8,16,14,10,5,2,16,2,1,2,18,0,-0.0909090909090909,-0.0714285714285714,-0.0714285714285714,23,13,14,15
"152",152,"10","Maennlich",3,4,4,3,2,0,0,0,0,0,0,1,0,0,0,0,0,0,0,0,1,0,0,1,0,0,0,0,1,0,1,0,0,0,0,3,3,3,3,0,1,2,1,1,3,0,4,4,4,4,2,0,0,0,0,0,0,0,0,0,0,0,0,0,0,0,2,3,4,3,1,1,0,0,0,1,2,0,0,0,1,2,0,0,0,1,5,2,3,2,4,2,2,3,3,1,2,0,4,2,1,0,4,1,0,2,2,0,2,2,4,2,4,2,0,16,0,1,0,18,13,9,16,13,2,3,3,18,0,0,0,4,0.0833333333333333,0.0833333333333333,0.0416666666666667,0,10,9,8,10
"153",153,"10","Maennlich",1,4,1,3,2,0,2,2,4,1,1,3,1,4,1,0,1,0,0,0,2,0,0,1,1,0,0,3,0,1,4,0,1,0,0,3,2,3,1,3,0,0,0,0,3,1,0,2,1,4,2,3,0,1,0,0,1,0,0,0,0,0,0,0,0,0,0,3,3,4,1,2,0,2,1,3,1,0,1,1,0,0,0,0,0,0,4,2,0,1,4,1,1,0,0,1,0,0,1,4,1,0,1,0,0,0,4,0,1,1,0,4,0,4,1,11,9,10,1,9,7,5,11,11,8,3,0,9,4,1,0,12,-0.142857142857143,0.0714285714285714,-0.25,0.125,14,5,7,7
"154",154,"10","Maennlich",2,4,4,4,4,0,0,0,0,0,0,1,0,0,0,0,0,0,0,0,1,0,0,0,0,0,0,0,0,1,0,0,1,0,0,3,0,1,1,0,3,0,3,0,3,0,4,4,4,4,0,0,0,0,0,0,0,0,0,0,0,0,0,0,0,0,4,4,4,4,2,0,0,0,0,0,0,0,0,0,0,0,0,0,0,0,6,2,1,1,4,3,4,2,1,0,0,0,1,0,0,1,0,2,0,4,0,0,2,2,2,1,4,0,0,18,0,1,0,17,2,7,11,18,0,0,0,16,0,0,0,2,0.0357142857142857,0.0714285714285714,0,-0.375,17,8,9,12
"155",155,"10","Maennlich",2,4,4,3,1,0,0,0,0,0,0,0,0,0,0,0,0,0,0,0,1,0,2,3,0,0,0,1,0,1,1,0,0,0,0,3,1,0,2,0,1,0,3,3,1,0,2,3,2,4,4,0,0,0,0,0,0,0,0,0,0,0,0,0,0,0,1,3,2,4,2,0,0,0,0,0,0,0,0,0,0,0,0,0,0,2,0,2,3,0,1,1,1,4,0,1,3,0,4,1,0,0,0,3,0,4,2,0,4,4,4,4,4,0,0,14,0,0,0,12,9,9,20,12,0,0,2,15,0,0,0,9,0.178571428571429,0.178571428571429,0.125,-0.125,16,8,11,11
"156",156,"10","Maennlich",2,2,4,3,2,2,2,0,1,0,2,2,0,1,0,2,1,0,1,0,2,1,1,0,0,0,2,0,0,3,1,0,1,2,1,3,1,2,3,2,1,0,0,0,3,0,2,3,3,4,2,0,0,0,0,1,0,0,0,0,1,2,0,1,0,2,3,4,2,3,2,1,1,1,0,0,1,1,1,0,0,2,2,2,4,3,7,1,2,2,3,1,2,2,3,4,1,0,2,0,1,3,4,1,0,3,0,0,4,3,3,2,4,2,1,13,5,5,4,13,11,11,19,14,3,3,13,14,1,1,5,10,-0.25,-0.214285714285714,-0.375,-0.25,14,NA,NA,NA
"157",157,"10","Maennlich",1,3,3,1,2,2,4,0,1,0,1,4,0,1,0,0,0,0,0,0,2,0,1,2,1,1,0,4,1,1,3,1,0,0,0,3,0,0,1,0,1,0,3,3,2,0,2,4,3,4,1,0,0,0,0,1,0,0,0,0,1,0,0,0,0,0,4,4,3,4,3,0,0,1,0,0,0,0,0,0,0,0,0,0,0,0,9,2,3,1,4,1,2,3,2,2,2,0,4,2,0,0,0,1,0,4,0,0,1,2,4,1,4,0,0,10,7,6,0,16,12,5,12,18,1,0,0,14,1,1,0,17,-0.125,-0.0833333333333333,-0.25,-0.0833333333333333,14,11,7,11
"158",158,"12","Maennlich",4,4,0,2,0,0,0,0,3,3,0,0,0,2,4,0,0,0,2,0,0,1,2,3,2,1,0,2,2,2,0,1,1,0,0,1,0,0,3,0,3,3,0,2,0,2,4,4,4,4,2,4,1,1,0,2,0,0,0,0,1,0,0,0,0,2,4,3,3,4,3,0,2,3,0,4,0,1,1,0,0,0,0,0,0,2,5,3,3,2,2,2,2,3,2,0,0,1,3,3,0,0,0,1,0,4,0,0,3,1,3,1,4,1,0,10,6,6,2,17,9,5,13,17,9,2,2,18,8,1,2,16,-0.0357142857142857,0.142857142857143,0,-0.25,14,7,8,11
"159",159,"13","Maennlich",3,3,4,2,2,4,0,0,0,0,2,1,0,2,0,2,0,0,0,2,2,2,3,3,1,2,1,0,1,2,4,2,1,1,0,3,0,1,3,3,1,0,1,1,3,0,3,3,4,4,2,0,0,0,1,0,0,0,0,0,1,0,0,0,0,1,3,3,2,3,1,0,3,3,0,1,0,1,1,0,0,0,2,2,1,4,7,3,2,1,2,0,0,2,0,3,3,0,3,4,1,0,0,3,0,4,4,0,3,3,3,2,4,4,2,14,4,5,4,10,14,11,21,12,7,2,9,16,1,1,1,23,0,-0.25,0.375,0,14,8,7,9
"160",160,"12","Maennlich",3,3,1,3,1,0,3,0,0,4,1,1,2,2,2,0,0,4,2,0,1,3,1,3,4,2,1,4,3,2,4,2,1,0,1,1,2,1,3,2,1,2,3,2,3,1,2,3,3,4,0,0,1,0,2,4,0,0,0,0,4,1,0,0,0,4,3,4,2,2,1,0,1,0,0,1,0,1,0,0,0,1,0,0,4,4,4,2,0,1,1,1,2,1,1,3,1,0,4,1,0,1,3,1,0,1,0,0,2,3,0,4,1,2,0,11,7,8,6,8,10,6,12,12,2,1,9,12,7,4,5,30,0.107142857142857,-0.0357142857142857,-0.125,0,17,10,10,11
"161",161,"12","Maennlich",0,4,4,3,4,0,0,1,0,0,2,1,0,0,0,4,0,0,0,0,1,2,2,3,2,2,1,1,2,0,0,0,0,0,0,3,0,2,1,0,3,2,1,3,0,3,3,2,4,4,0,0,0,0,0,3,0,0,0,0,2,0,0,0,0,2,2,3,2,2,1,0,0,1,1,4,0,0,0,0,1,1,0,0,1,4,2,4,2,3,4,1,0,0,2,1,2,0,2,2,0,0,0,0,0,3,4,0,1,2,2,1,4,4,0,15,1,3,4,14,9,7,14,10,6,1,6,13,3,2,2,16,0,0.0833333333333333,-0.166666666666667,-0.166666666666667,19,7,12,14
"162",162,"13","Maennlich",1,2,1,1,1,1,0,1,1,0,1,0,0,0,1,1,0,0,1,1,2,1,2,1,3,2,1,1,2,2,1,1,0,0,0,3,0,2,3,0,3,2,2,2,3,0,3,4,3,4,1,0,1,0,0,0,0,0,0,0,0,0,0,0,0,1,3,4,2,3,1,0,2,4,0,3,0,1,3,0,1,0,1,1,1,2,3,1,1,1,3,1,2,2,3,1,1,0,4,3,0,0,0,0,0,4,1,0,1,2,2,1,3,2,0,6,3,2,3,11,12,5,11,13,9,5,5,15,1,0,1,19,0.0833333333333333,-0.208333333333333,0.0833333333333333,-0.416666666666667,21,11,15,12
"163",163,"12","Maennlich",3,3,4,3,3,0,0,0,1,0,1,0,0,0,1,0,0,0,1,0,2,0,1,2,1,0,1,0,2,2,1,0,0,0,0,3,0,0,3,2,1,1,3,0,3,0,4,4,4,4,1,0,0,0,0,0,0,0,0,0,0,0,0,0,0,2,4,4,3,4,2,0,1,0,0,0,0,0,0,0,0,0,0,0,0,3,5,2,2,2,4,1,1,4,2,1,2,0,2,2,1,0,0,1,0,2,4,0,4,3,2,3,4,3,0,16,1,2,1,16,10,7,19,17,1,0,3,17,0,0,2,12,-0.208333333333333,0.0416666666666667,0,-0.166666666666667,17,7,10,12
"164",164,"12","Weiblich",4,4,4,4,4,0,0,0,0,0,0,0,0,0,0,0,0,0,0,0,1,2,1,4,4,2,0,0,0,1,4,0,0,1,1,1,0,0,3,0,2,3,2,3,3,0,4,4,4,4,4,1,1,0,0,2,0,0,0,0,0,0,0,0,0,0,3,4,4,4,1,0,0,0,0,4,0,0,0,0,4,0,0,0,0,4,5,1,3,2,3,0,0,4,3,0,0,0,4,2,0,0,0,0,0,0,1,0,2,1,2,4,4,2,0,20,0,0,0,13,9,1,15,16,4,4,4,20,4,0,0,19,0.142857142857143,0.25,0.125,0.125,18,6,11,9
"165",165,"12","Weiblich",3,4,3,3,4,1,0,0,1,0,1,0,1,1,0,1,0,0,1,0,3,1,1,1,3,2,2,1,1,2,2,2,1,1,1,1,0,NA,3,0,3,3,1,2,3,1,4,4,4,4,2,0,0,0,0,3,0,0,0,0,2,0,0,0,0,2,2,3,3,3,2,1,1,1,0,3,1,1,1,0,0,1,0,1,0,2,4,3,2,2,4,2,2,2,3,0,2,0,4,2,1,1,1,2,1,4,1,1,2,1,3,1,4,2,0,17,2,3,2,17,12,11,13,13,6,3,4,18,3,2,2,21,-0.0714285714285714,-0.0714285714285714,-0.125,0,19,10,9,9
"166",166,"14","Weiblich",1,4,4,2,4,3,2,4,3,3,4,0,0,4,1,0,0,0,2,0,3,4,4,2,4,3,1,4,2,3,3,0,3,2,0,3,3,3,2,0,3,3,0,2,2,0,3,4,4,4,2,4,3,4,1,4,0,0,0,0,3,1,0,0,0,3,4,1,1,3,3,1,3,4,2,4,0,1,4,3,4,0,NA,0,0,4,2,2,3,3,4,1,4,2,4,1,2,1,4,4,1,0,0,0,0,4,3,0,3,2,2,0,4,0,NA,15,15,9,2,19,17,7,NA,12,14,12,NA,17,16,3,4,33,0,-0.125,0,0.166666666666667,18,9,12,12
"167",167,"14","Weiblich",0,3,1,2,0,2,0,0,1,0,1,0,0,1,0,1,0,0,0,0,2,2,1,1,3,2,1,2,1,2,1,0,2,2,0,2,0,0,2,2,0,3,0,2,2,1,1,1,2,4,1,1,1,0,1,1,0,0,0,0,1,0,0,0,0,1,1,1,1,2,1,0,2,3,0,2,0,2,2,0,3,0,0,1,0,1,4,2,2,1,1,1,1,0,3,3,3,0,4,3,1,2,1,1,0,3,2,0,2,2,2,2,3,3,0,6,3,2,1,8,17,9,14,6,7,7,2,9,4,1,1,18,0.178571428571429,0.107142857142857,-0.25,0.25,17,10,15,8
"168",168,"16","Weiblich",1,3,4,2,2,2,0,0,2,1,1,0,0,1,0,1,0,0,1,0,3,3,2,2,2,3,2,1,2,3,2,1,2,1,0,1,0,1,2,0,1,3,0,2,3,0,2,3,2,4,2,3,0,3,0,3,2,0,2,0,2,2,0,0,0,2,3,1,1,3,2,0,3,4,0,0,1,1,4,0,0,0,0,1,0,2,6,1,2,1,2,1,0,0,2,0,1,0,2,2,2,2,0,1,0,3,2,0,4,1,1,1,3,3,0,12,5,2,2,7,9,8,13,10,7,6,3,13,9,6,4,26,-0.125,-0.0416666666666667,0,0.166666666666667,21,11,11,13
"169",169,"16","Weiblich",1,3,1,0,2,0,0,0,4,0,1,0,0,4,0,0,0,0,1,0,1,1,2,0,1,0,0,2,1,2,3,1,2,2,0,1,3,0,3,3,1,3,1,2,2,0,2,3,2,4,2,3,0,3,4,4,3,0,2,1,3,0,0,0,0,2,2,1,1,4,1,0,2,4,0,4,0,2,4,0,4,0,1,1,0,0,4,4,3,4,2,1,0,0,4,1,1,0,4,3,2,1,2,0,0,3,4,2,3,3,2,4,4,1,2,7,4,5,1,14,15,12,19,9,10,10,2,13,14,9,2,14,0.0416666666666667,-0.125,0.166666666666667,0.0833333333333333,18,6,9,11
"170",170,"16","Weiblich",3,4,4,1,3,2,0,0,4,0,1,0,0,4,0,0,0,0,2,0,0,2,3,3,2,1,1,0,0,2,3,1,3,2,0,3,0,0,3,2,0,3,1,2,2,0,4,4,4,2,1,2,0,1,1,4,1,0,1,1,3,0,0,0,1,3,3,3,3,4,2,0,2,4,0,3,0,2,4,0,1,2,0,0,0,3,6,1,1,1,3,1,1,0,0,0,0,0,1,4,1,0,1,0,0,2,3,0,3,3,3,1,3,3,0,15,6,5,2,8,6,6,16,15,9,7,5,15,8,6,4,18,0,0.125,-0.0833333333333333,0.166666666666667,16,15,14,15
"171",171,"18","Maennlich",0,4,3,1,3,2,0,1,2,1,3,0,0,2,0,1,0,0,2,0,3,2,3,3,4,2,3,3,1,3,3,2,3,2,2,2,NA,0,3,NA,3,2,2,0,2,3,3,3,3,3,2,2,1,2,1,3,2,0,1,0,4,0,0,0,0,3,4,2,2,3,1,0,2,3,1,2,0,1,2,1,3,0,0,0,1,2,6,2,2,2,2,2,1,2,0,1,0,0,2,2,2,0,3,0,0,2,2,1,2,3,0,3,3,4,0,11,6,5,3,13,7,8,15,12,8,7,3,14,9,7,3,32,0.107142857142857,0.0357142857142857,0,0,19,8,13,15
"172",172,"18","Maennlich",1,4,3,1,4,2,1,0,2,0,2,0,1,3,0,2,0,0,3,0,2,1,2,1,2,3,1,3,2,2,3,1,3,2,2,3,2,1,3,1,0,3,0,2,3,2,0,4,0,4,0,2,1,2,2,2,3,0,3,0,3,3,0,3,0,4,4,1,3,2,2,1,1,3,0,3,0,3,0,0,1,1,1,1,1,4,6,1,1,2,4,4,0,2,2,1,2,0,2,0,2,3,1,3,0,1,2,1,2,4,4,1,1,1,1,13,5,6,5,14,9,11,14,12,8,4,8,8,9,9,10,23,0.107142857142857,0.0714285714285714,0.125,0.125,13,7,11,9
"173",173,"17","Maennlich",1,4,3,1,4,1,0,1,3,0,2,0,0,1,0,2,0,0,4,0,3,4,3,3,4,4,3,3,3,4,2,2,3,1,3,1,0,0,1,1,1,1,3,2,3,3,3,3,3,4,2,4,2,4,3,4,0,0,0,0,1,0,0,0,0,2,4,3,2,4,2,0,3,3,0,2,0,1,0,0,0,0,0,1,0,2,1,1,3,2,2,1,1,3,1,0,0,0,3,3,3,0,1,0,0,2,1,0,2,3,2,2,1,1,0,13,5,3,6,13,10,4,11,15,8,1,3,15,17,1,2,38,0,0.0416666666666667,0.0833333333333333,0,24,NA,NA,15
"174",174,"17","Weiblich",1,4,3,1,2,2,1,1,3,2,2,0,0,3,1,3,1,0,3,1,3,3,3,2,3,2,2,3,2,3,2,2,3,3,0,1,0,0,3,2,0,1,0,2,2,0,1,4,2,4,2,4,4,3,3,3,2,0,2,0,2,3,0,3,1,3,3,3,1,3,1,0,3,3,1,4,0,1,4,0,4,0,2,3,1,4,3,3,3,2,1,1,1,2,2,2,1,1,2,3,2,0,0,0,0,1,3,2,1,2,3,2,3,4,2,11,9,6,8,13,13,6,17,11,11,9,10,13,17,6,10,30,0.227272727272727,0.318181818181818,0.0714285714285714,0.214285714285714,22,11,5,12
"175",175,"17","Weiblich",1,4,4,2,3,3,1,0,2,1,3,0,0,1,0,2,0,0,2,0,1,0,1,0,3,0,2,1,0,1,1,1,3,3,0,1,0,3,0,1,0,3,1,2,3,3,2,4,4,4,2,3,2,3,2,3,1,0,0,0,1,2,0,0,0,2,2,1,3,4,1,0,4,3,3,4,0,1,4,2,4,0,0,0,1,4,10,2,2,2,3,1,1,1,1,3,1,0,3,3,2,1,1,0,0,2,2,0,2,4,2,3,4,3,0,14,7,4,4,12,13,6,18,11,14,11,5,16,13,2,4,11,0.0454545454545455,0.227272727272727,-0.0714285714285714,0.142857142857143,17,8,8,14
"176",176,"17","Weiblich",3,3,3,0,3,1,1,2,3,2,2,0,0,2,0,1,0,0,3,0,1,2,1,1,3,1,1,0,2,2,2,0,3,2,0,1,0,1,2,3,1,3,0,3,2,2,2,3,3,4,2,4,4,4,4,4,1,0,0,0,2,2,0,0,0,3,4,3,3,3,1,0,3,4,1,3,0,1,3,0,1,0,0,1,0,3,4,2,1,2,2,0,1,1,3,1,0,0,2,3,2,3,0,2,0,1,3,0,3,2,3,2,3,3,0,12,9,4,4,9,11,9,16,14,11,5,4,14,20,3,5,16,-0.136363636363636,-0.181818181818182,-0.0714285714285714,0,22,9,10,15
"177",177,"18","Maennlich",1,4,4,1,3,1,0,1,3,1,1,0,0,3,1,2,0,0,2,0,2,1,1,2,2,1,1,1,2,1,1,1,2,2,2,1,0,0,3,0,3,3,2,2,0,0,3,3,3,3,2,4,2,4,0,3,4,2,4,2,4,2,0,2,0,3,4,2,3,3,1,0,3,4,0,1,1,4,4,0,1,0,2,0,0,3,4,1,1,2,1,1,0,3,1,0,0,0,3,3,1,2,0,1,0,4,2,1,4,3,3,2,4,2,0,13,6,5,4,9,8,10,18,13,8,10,5,14,13,16,7,16,0.0416666666666667,0.0416666666666667,0,-0.0833333333333333,19,10,12,14
"178",178,"18","Maennlich",1,4,4,2,4,1,0,1,1,0,2,0,0,1,0,0,0,0,3,0,2,3,2,3,4,4,3,1,3,3,3,2,3,2,3,2,0,2,2,0,0,2,0,2,3,1,3,4,4,4,3,2,1,1,1,3,2,0,0,0,2,2,0,0,0,2,4,3,3,4,2,1,4,2,0,3,1,0,1,0,3,1,0,0,0,2,2,2,2,3,3,1,1,3,2,1,1,0,2,2,2,0,1,0,0,4,1,0,3,3,1,2,3,1,0,15,3,3,3,15,10,6,13,16,10,5,3,18,8,4,4,33,0.107142857142857,0.0714285714285714,0,0,25,13,16,15
"179",179,"18","Maennlich",2,4,4,1,1,3,0,1,2,0,3,0,1,1,0,1,0,1,1,1,3,1,2,2,2,3,2,2,1,2,1,1,3,2,2,1,0,3,1,0,1,2,1,2,3,3,3,3,3,3,1,3,1,1,1,1,4,1,1,1,1,2,1,1,1,3,4,4,4,4,2,0,1,1,0,1,0,1,1,0,1,0,0,0,1,3,5,1,1,2,1,1,1,1,2,2,2,0,0,1,0,2,2,2,0,1,1,0,4,3,3,2,2,3,0,12,6,5,4,8,7,8,17,18,3,3,4,13,7,8,8,22,0.0833333333333333,0,0.166666666666667,0.0833333333333333,25,6,8,13
"180",180,"18","Maennlich",3,4,4,1,4,1,0,1,1,0,2,0,0,3,0,0,0,0,2,0,1,1,4,1,2,2,4,1,0,1,3,3,3,2,3,3,0,2,3,2,1,2,0,2,3,1,3,4,3,4,2,3,3,3,3,4,3,0,2,3,3,2,0,1,2,3,2,4,4,4,4,0,2,3,2,2,0,1,0,0,4,0,0,0,0,1,7,3,1,3,3,1,1,1,3,0,0,0,0,1,1,4,0,0,0,0,1,1,4,2,3,4,1,1,0,16,3,5,2,13,5,6,15,18,9,5,1,16,16,11,8,23,0.0555555555555556,-0.166666666666667,0.0555555555555556,-0.222222222222222,24,9,13,9
"181",181,"18","Weiblich",3,2,2,1,2,2,0,1,2,0,3,0,0,2,0,1,1,1,3,0,2,0,1,1,3,1,1,1,1,1,1,0,3,3,0,1,0,0,2,0,0,3,0,2,1,0,2,3,2,3,1,4,1,4,2,3,2,1,3,1,3,3,1,2,3,4,3,1,1,3,1,1,3,4,1,3,0,4,4,0,1,2,3,2,0,3,4,2,1,1,0,1,0,2,2,0,0,1,2,4,0,1,1,0,0,2,3,1,4,4,2,4,4,2,1,10,5,5,6,7,9,8,21,9,12,9,10,11,14,10,13,13,-0.0833333333333333,0.0833333333333333,-0.0833333333333333,0,20,9,14,14
"182",182,"18","Weiblich",1,4,1,1,2,2,0,1,3,2,2,0,0,3,2,1,0,0,3,1,3,0,2,1,3,1,2,0,2,2,3,2,3,3,0,1,0,0,3,3,0,3,1,2,3,2,2,4,2,4,2,4,2,3,2,4,3,0,1,0,2,2,0,0,0,3,3,1,3,4,3,0,4,4,1,2,0,1,0,0,4,0,1,0,0,2,5,4,1,2,1,1,1,2,4,1,2,0,2,3,1,0,0,2,0,2,1,0,2,3,3,3,2,0,0,9,8,7,5,12,13,5,13,14,11,5,3,14,15,6,5,21,-0.181818181818182,0,0.142857142857143,-0.0714285714285714,20,6,16,14
"183",183,"18","Weiblich",0,3,4,2,2,3,0,0,0,0,4,0,0,0,0,1,0,0,0,0,3,1,1,3,3,2,1,2,3,2,1,0,3,3,0,3,0,0,3,2,2,3,2,2,0,0,1,4,4,4,1,3,0,1,0,2,1,0,0,0,3,1,0,0,0,1,3,1,2,4,1,0,3,4,0,0,1,3,4,0,0,1,1,2,0,2,4,3,1,1,3,0,0,1,0,1,0,0,1,2,2,0,1,0,0,1,3,1,2,2,1,1,3,4,0,11,3,4,1,9,6,6,13,11,7,8,6,14,6,4,2,22,0.142857142857143,0.0357142857142857,0.25,0.125,28,11,13,15
"184",184,NA,NA,NA,NA,NA,NA,NA,NA,NA,NA,NA,NA,NA,NA,NA,NA,NA,NA,NA,NA,NA,NA,NA,NA,NA,NA,NA,NA,NA,NA,NA,NA,NA,NA,NA,NA,NA,NA,NA,NA,NA,NA,NA,NA,NA,NA,NA,NA,NA,NA,NA,NA,NA,NA,NA,NA,NA,NA,NA,NA,NA,NA,NA,NA,NA,NA,NA,NA,NA,NA,NA,NA,NA,NA,NA,NA,NA,NA,NA,NA,NA,NA,NA,NA,NA,NA,NA,NA,NA,NA,NA,NA,NA,NA,NA,NA,NA,NA,NA,NA,NA,NA,NA,NA,NA,NA,NA,NA,NA,NA,NA,NA,NA,NA,NA,NA,NA,NA,NA,NA,NA,NA,NA,NA,NA,NA,NA,NA,NA,NA,NA,NA,NA,NA,NA,NA,NA,NA,NA,NA,NA,NA
"185",185,"19","Maennlich",0,3,2,0,1,1,0,0,2,0,1,0,0,3,0,1,0,0,4,0,0,0,2,1,1,0,2,0,1,2,2,0,2,2,3,3,0,2,3,2,3,1,1,3,3,0,2,1,1,2,0,3,2,3,3,3,3,1,3,3,3,1,0,1,2,3,4,1,3,2,1,1,3,3,0,0,1,3,3,1,3,1,1,0,0,2,5,1,0,1,1,0,0,0,2,0,0,0,0,2,1,2,3,0,0,0,2,2,4,3,1,2,2,1,1,6,3,4,5,3,5,9,14,11,7,11,4,6,14,13,7,11,-0.107142857142857,-0.142857142857143,0,0,26,6,9,14
"186",186,"19","Maennlich",1,4,4,1,2,2,0,0,1,0,2,0,0,1,1,0,0,0,1,0,3,2,2,2,3,2,2,2,1,2,2,2,3,2,2,1,0,3,1,0,1,1,3,0,3,0,3,4,4,4,2,1,1,0,0,2,0,0,0,0,2,0,0,0,0,1,3,2,3,3,3,0,1,1,0,2,0,1,1,1,2,0,1,1,0,4,5,3,1,2,3,3,2,3,1,0,0,0,2,2,0,1,0,1,0,2,2,0,2,2,1,1,2,1,0,12,3,4,1,17,5,6,9,14,4,5,6,17,4,2,1,25,0.0714285714285714,0.0357142857142857,0,0,23,10,15,14
"187",187,"19","Maennlich",2,3,2,2,1,0,0,0,0,0,0,0,0,0,0,1,0,0,0,0,2,2,3,1,3,2,0,2,2,2,1,0,2,1,1,2,0,1,2,2,2,1,3,0,3,2,3,2,4,4,1,3,0,2,0,1,0,0,0,0,0,0,0,0,0,1,2,3,4,4,3,0,1,0,2,4,0,1,0,0,0,0,1,0,0,2,7,4,3,2,3,1,3,2,0,0,0,0,2,0,0,0,0,0,0,0,0,0,0,0,0,0,1,1,0,10,0,0,1,18,2,0,2,16,7,1,3,14,6,0,1,20,0.142857142857143,0.0714285714285714,-0.125,0,15,NA,NA,NA
"188",188,"19","Weiblich",1,3,4,1,1,2,0,0,2,1,1,0,0,2,0,1,0,0,2,0,1,1,0,1,2,0,0,0,2,1,0,0,3,3,0,3,0,0,2,0,1,3,0,2,3,0,1,2,3,4,1,2,0,2,0,4,1,0,1,0,3,2,0,1,0,3,3,1,1,4,1,0,4,4,0,1,0,4,4,0,1,0,2,2,0,4,7,2,0,2,3,0,0,0,1,3,1,0,3,1,3,1,3,0,0,3,1,2,3,4,2,2,4,2,1,10,5,3,3,7,12,10,18,10,9,9,8,11,8,5,6,8,0.0714285714285714,0.142857142857143,0.125,0,20,11,15,13
"189",189,"19","Weiblich",1,3,2,2,3,2,0,0,3,1,1,0,1,2,1,1,1,1,2,1,2,2,3,1,3,2,2,1,1,2,2,1,3,3,0,1,0,0,2,3,0,3,2,2,2,0,1,1,2,2,1,4,3,3,1,4,2,2,1,1,3,2,1,2,2,2,2,1,1,4,2,0,4,4,1,2,0,4,4,0,1,2,2,1,0,1,4,1,2,1,2,1,0,1,2,0,0,0,2,3,4,2,0,3,0,1,1,3,3,2,4,2,3,2,3,11,6,5,6,8,11,10,19,10,11,9,6,7,15,9,9,22,0.222222222222222,0.0555555555555556,0.0555555555555556,0.222222222222222,27,14,16,12
"190",190,"19","Weiblich",1,4,3,1,2,1,0,2,3,1,1,0,1,3,0,0,0,0,2,0,1,3,4,2,3,3,3,2,3,2,4,2,3,3,0,2,0,2,2,0,0,0,1,2,3,0,3,3,3,3,2,4,4,4,3,4,4,4,3,2,4,2,1,3,1,4,2,3,2,4,3,1,4,4,4,4,0,2,4,3,3,1,1,2,2,3,7,3,2,2,3,2,3,0,2,0,0,0,3,2,3,1,0,0,0,3,2,3,3,2,2,3,4,1,2,11,7,5,2,15,10,9,17,14,17,12,9,14,19,17,11,32,0.136363636363636,0,-0.0714285714285714,0,22,11,11,13
"191",191,"19","Weiblich",2,2,3,0,2,2,0,0,2,0,3,0,0,1,0,2,0,0,4,0,1,3,4,4,4,1,4,3,3,4,4,2,3,3,0,3,0,1,2,0,2,3,0,2,3,1,3,4,3,3,0,4,2,2,3,4,1,0,0,1,2,1,0,0,1,3,2,2,2,4,2,0,2,4,0,0,0,1,4,0,2,0,1,2,0,2,3,1,1,1,2,0,1,2,1,0,2,0,3,4,3,2,0,0,4,4,1,0,4,2,4,1,4,2,0,9,4,4,6,8,13,11,17,12,6,7,5,13,15,4,5,37,0,-0.0357142857142857,0,-0.75,19,7,13,12
"192",192,"20","Maennlich",0,4,3,1,3,3,0,0,1,0,2,0,0,1,0,2,0,0,0,0,1,1,2,2,2,1,2,1,3,3,0,0,3,2,3,2,0,2,3,0,1,1,1,2,0,0,2,2,3,3,0,4,3,3,2,4,2,1,0,1,2,2,1,0,1,4,3,0,2,4,1,2,4,4,1,4,2,4,4,0,4,2,0,0,0,2,4,2,1,2,1,0,0,1,2,0,0,0,3,2,2,0,0,1,1,4,1,1,4,0,4,4,4,1,0,11,4,3,2,7,9,8,17,10,15,14,4,10,16,6,8,18,0.166666666666667,0.0833333333333333,0.25,0.0833333333333333,22,11,16,13
"193",193,"20","Maennlich",0,4,4,2,4,4,0,0,3,2,3,1,0,2,0,3,0,0,4,0,1,1,3,1,3,1,2,1,1,2,3,1,3,3,2,3,0,1,3,2,2,3,0,0,1,2,3,4,3,3,2,3,2,3,3,4,2,0,2,1,2,2,0,2,1,4,4,2,4,4,3,0,4,3,3,3,0,2,1,0,2,0,2,1,0,2,7,1,0,3,3,2,2,3,4,3,2,1,4,4,3,3,4,0,0,2,3,2,4,4,3,3,3,3,2,14,9,6,7,14,21,14,22,17,13,5,5,15,15,7,9,20,0.125,0,0.0833333333333333,0.166666666666667,18,10,12,15
"194",194,"20","Maennlich",1,4,3,0,3,3,0,1,2,0,3,0,1,4,0,2,0,0,4,0,1,3,1,1,3,2,0,1,1,2,2,1,3,3,3,1,0,0,2,1,2,3,0,0,3,0,1,3,2,2,1,4,3,3,3,4,3,1,2,3,3,4,0,3,4,4,2,0,3,3,1,0,2,0,2,2,0,4,0,0,0,0,4,0,1,3,6,3,0,3,3,1,1,0,0,0,2,0,1,4,3,0,0,0,0,0,1,4,3,3,3,3,0,4,3,11,6,8,6,11,10,5,19,9,6,4,8,9,17,12,15,18,0,0.0833333333333333,0,0.0833333333333333,23,13,12,14
"195",195,"20","Maennlich",0,4,3,1,3,3,0,0,3,0,2,0,1,2,0,3,0,0,2,0,1,1,0,1,2,1,0,0,2,2,0,0,3,1,3,0,0,0,2,0,1,2,1,2,3,0,2,3,1,3,1,4,2,4,3,3,2,3,2,2,2,4,0,4,3,3,4,2,3,3,3,0,4,2,3,3,1,3,2,1,3,1,1,1,1,2,6,2,1,3,3,1,1,1,2,0,1,0,0,3,2,1,1,1,0,1,1,2,3,3,1,3,1,3,3,11,6,5,5,12,8,7,17,15,12,10,6,10,16,11,14,10,0.0909090909090909,0.136363636363636,0.142857142857143,0.285714285714286,20,11,13,13
"196",196,"20","Weiblich",3,4,4,0,2,0,0,0,2,0,2,0,0,3,1,0,0,0,2,0,2,2,2,2,2,3,2,1,1,2,3,1,3,3,0,3,0,0,2,0,3,3,1,2,3,0,1,4,2,3,2,3,1,3,1,3,3,0,3,1,3,2,0,2,0,3,4,3,3,4,1,0,2,4,0,3,0,1,3,0,4,0,0,0,0,0,4,0,1,1,2,1,0,3,2,0,0,0,3,4,1,4,0,0,0,2,3,0,3,1,2,1,3,0,0,13,2,6,2,8,10,9,10,15,9,8,0,12,11,10,7,23,0,0,0,0,22,9,12,15
"197",197,"21","Weiblich",3,4,4,0,4,2,0,0,4,0,1,0,0,4,0,0,0,0,4,0,4,2,3,3,4,4,3,4,4,4,3,4,2,2,0,2,0,2,3,3,0,3,1,2,3,2,3,3,4,4,1,4,3,3,3,4,0,0,0,0,1,0,0,0,0,3,4,3,4,4,3,0,4,4,3,4,0,1,4,0,1,0,1,0,0,1,2,2,1,3,2,1,2,0,1,0,0,0,1,2,0,1,0,0,0,0,1,0,3,3,3,0,3,0,1,15,6,5,4,11,4,2,13,18,15,6,2,15,17,1,3,42,0.214285714285714,0.0714285714285714,0.25,0,29,10,11,13
"198",198,"20","Weiblich",1,4,3,1,1,2,0,0,4,2,2,0,0,1,1,0,0,0,2,0,1,3,3,2,2,2,1,1,1,0,2,2,3,3,0,0,0,0,2,2,0,3,2,2,0,0,4,3,4,4,1,4,3,3,2,4,0,0,0,0,2,0,0,0,0,2,4,1,1,4,2,0,4,4,2,4,0,4,1,0,3,0,4,0,0,4,4,2,1,2,1,0,0,1,0,2,0,0,2,3,0,0,0,0,0,0,2,0,4,4,4,4,4,4,0,10,8,4,2,7,7,2,24,12,14,8,8,16,16,2,2,20,0.25,0.25,0.0416666666666667,0.0416666666666667,19,10,12,12
"199",199,"20","Weiblich",0,4,4,1,3,3,0,1,4,0,4,0,0,4,0,1,0,0,2,0,0,2,3,3,2,1,0,1,2,3,2,0,3,3,0,2,0,0,2,1,2,3,2,0,0,2,4,4,4,4,1,1,1,0,0,0,0,0,0,0,1,0,0,0,0,1,4,1,2,4,3,0,4,4,1,4,0,3,4,0,2,0,0,2,0,2,5,3,2,2,2,1,3,1,0,0,0,0,0,3,0,0,1,2,0,0,4,0,0,3,1,1,2,2,0,12,8,8,3,14,3,7,9,14,13,9,4,17,2,1,1,19,0,0,0.0384615384615385,-0.0384615384615385,26,12,10,12
"200",200,"19","Maennlich",0,4,3,0,2,2,1,0,2,1,2,1,0,2,1,1,0,0,3,0,1,1,1,1,2,2,2,0,1,2,2,0,3,2,3,0,3,0,3,0,3,1,1,2,0,1,3,NA,3,4,NA,3,2,4,2,3,3,1,3,0,3,1,0,1,1,4,4,3,4,4,2,1,2,3,2,1,1,2,2,1,4,0,0,0,0,4,4,3,2,NA,2,NA,1,1,1,1,0,0,2,2,2,2,0,1,0,3,3,0,4,2,2,2,4,3,0,9,6,6,4,NA,8,9,17,17,9,10,4,NA,14,10,7,15,-0.0416666666666667,-0.0416666666666667,-0.166666666666667,-0.0833333333333333,30,11,12,13
